,Name,Ratings,Price
0,# White SONY Digital Camera A6000 ILCE-6000 w/ PZ16-50mm lens Shutter count 2720,4.85,395.0
1,(RI2) Sony Cyber-shot DSC-H300 20.1MP Digital Camera - Black,4.53,109.99
2,**BRAND NEW** Sony Cyber-shot DSC-H2 6.0MP Digital Camera - Silver,5.0,4069.0
3,*BRAND NEW* Sony Cyber-shot DSC-RX100 Digital Camera - Black,4.86,508.33
4,"*Working* Sony Alpha DSLR-A100 10.2MP w/ Two Lenses, Charger, and Memory Card",4.87,190.0
5,- Sony Alpha a700 12.2MP Digital SLR Camera with lenses (see description) ,4.79,550.0
6,2Sony Cyber-shot DSC-W830 20.1MP Digital Camera - Silver cybershot 16.1 mega pix,4.95,789.0
7,5x Sony MVC-FD200 Mavica Digital Camera - Grade C,5.0,350.69
8,AS IS: Sony Cyber-shot DSC-HX60V 20.4MP Digital Camera - Black #E8,4.85,499.95
9,BUNDLE Sony Cyber-shot DSC-HX20V 18.2 MP Exmor R CMOS Digital Camera 20x,4.71,349.99
10,Brand New Factory Sealed - Sony MVC-FD200 Mavica Digital Camera,4.81,449.99
11,Brand New Sealed Sony Cyber-shot DSC-W130 8.1 MP Digital Camera Silver DSCW130,4.81,249.77
12,Brand New Sony Cyber-shot DSC-TX30 18.2MP Digital Camera - Pink NIB,4.94,1200.0
13,Collectible Sony Cybershot DSC-T1 5MP Digital Camera 3x Zoom Silver,4.85,606.61
14,Digital Camera Sony Cyber-shot DSCT20 Black - Grade A (DSC-T20),4.85,555.0
15,Digital Camera Sony Cyber-shot DSCT20 Silver - Grade A (DSC-T20),4.85,598.0
16,EXCELLENT Sony DSC-TX10 16MP Waterproof Digital Camera Black Touchscreen LCD,4.71,209.0
17,Excellent Sony NEX-6 w/EVF mirrorless digital camera w/E PZ 16-50mm OSS Lens kit,4.83,698.0
18,FREE SHIP Sony Cyber-shot DSC-HX50V 20.4MP Digital Camera Black+Battery READ,4.59,39.99
19,GD Grade - Sony Alpha a7R II 42.4MP Digital Camera Black Body Only B00ZDWGFR2,4.93,1850.0
20,Great Sony A6000 24MP mirrorless digital camera Silver(Body) w/battery &charger,4.56,7.7
21,Great Sony Alpha NEX-3N 16.1MP Digital Camera - Black (Body Only),4.79,99.99
22,Great Sony Alpha NEX-5R 16.1MP Digital Camera Black (Body Only) flash & charger,4.83,210.0
23,"Great Sony Alpha NEX-6 16.1MP Digital Camera Black w/18-55 lens, w/battery",5.0,128.5
24,Great Sony Alpha NEX-6 16.1MP Digital Camera Black(Body Only) w/battery,5.0,234.0
25,Great Sony Alpha NEX-6 16.1MP Digital Camera Black(Body Only) w/charger &battery,4.84,119.0
26,Great Sony Alpha a6000 24.3MP Digital Camera Silver(Kit w/ E PZ OSS 16-50mm Lens,4.57,162.64
27,Infrared ONLY Sony Alpha a7R 36.4MP 720nm Digital SLR Mirrorless Camera,4.75,49.99
28,JAPANESE LANGUAGE SONY CYBERSHOT DSC-HX60V 20.4MP 30x ZOOM DIGITAL CAMERA BLACK,5.0,299.99
29,LOT OF 2  Sony Mavica MVC-FD95 2.1 MP Digital Camera W/ Case and Battery Charger,4.5,52.24
30,LikeNew CyberShot DSC-R1 10 MP Digital Camera,4.86,499.99
31,LikeNew SONY CyberShot DSC-HX300V HX300 20MP Digital Camera - 50x Zoom,4.93,749.99
32,LikeNew SONY CyberShot DSC-HX30V 18MP Digital Camera,4.52,178.01
33,LikeNew SONY CyberShot DSC-HX80 HX80V 18MP Digital Camera - 30x Zoom,4.86,1299.99
34,LikeNew Sony CyberShot DSC-T7 5MP Digital Camera Slim - Black,4.71,1689.99
35,LikeNew Sony α (alpha) SLT-A55 16 MP Digital SLR DSLR Camera + 18-55mm Lens,4.86,998.0
36,LikeNew Super Compact  Sony Cybershot DSC-TX55 16MP Digital Camera - Silver,4.83,1075.89
37,Mint Sony Alpha NEX-3N 16.1MP Digital Camera Black (Body Only)battery charger,4.59,15.99
38,Mint Sony Alpha a6000 24.3MP Digital Camera Black (Kit w/ E PZ OSS 16-50mm Lens),5.0,598.0
39,NEW  Sony Cyber-Shot DSC-H300 20.1 MP Camera - BLACK - 027242873810,4.82,329.0
40,NEW - Sony Alpha A390 Digital SLR w/18-55mm kit- Black Camera - NEW,5.0,1398.0
41,NEW Sealed Sony Cyber-shot DSC-H3 8.1 MP Digital Camera - Black,4.53,178.0
42,NEW Sealed Sony DSC-S70 Cyber-shot 3.2MP Digital Camera with 3x Optical Zoom,4.0,348.0
43,NEW Sony 20.1-Megapixel Digital Camera - Black (DSC-H300),4.81,365.0
44,NEW Sony Cyber-shot DSC-HX400V 20.4MP Digital Camera HD WiFi GPS 50x Optical,4.85,760.0
45,NEW Sony Cyber-shot DSC-W800 20.1MP Digital Camera - Black,5.0,401.0
46,NEW Sony Cyber-shot DSC-W830 20.1MP Digital Camera - Black,4.66,49.99
47,NEW Sony DSC-WX300/B 18.2 MP Digital Camera,4.83,199.95
48,NEW in Box - Sony Cyber-Shot DSC-W810 20.1MP Camera - SILVER - 027242878228,4.93,1654.89
49,NIOB Sony MVC-FD95 Mavica 2MP Digital Camera with 10x Optical Zoom,4.85,2175.2
50,New Open-Box Sony MVC-FD200 Mavica Digital Camera,5.0,200.0
51,New Sony Cyber-Shot DSC-U50 2.0MP Digital Camera - Rare Orange Color,4.92,430.0
52,New Sony Cyber-shot DSC-WX1/B Digital Camera - Black,5.0,720.78
53,New Sony Cybershot DSC-M1 5MP Digital Camera 3x Optical Zoom & MPEG4 Video,4.92,950.0
54,New Sony MVCCD500 CD Mavica 5MP Digital Camera w/ 3x Optical Zoom (MVC-CD500),4.83,49.95
55,New Sony a7 Full-Frame Interchangeable Lens Black Digital Camera Free Shipping!!,4.63,35.0
56,New listingDigital Camera/Sony Cyber-shot DSC-W570 16.1MP- Silver New,4.84,84.99
57,New listingFREE SHIP Sony Cyber-shot DSC-HX90V 18.2MP Digital Camera Black+Battery+Charger,5.0,1299.99
58,New listingNew Sony Alpha a68 24.2MP Digital SLR Camera - Black Kit w/18-55mm Lens ILCA-68K,4.71,950.0
59,New listingPRE-OWNED Sony Alpha a7 II 24.3MP Digital Mirrorless Camera - Black (Body Only),4.83,225.0
60,"New listingSONY ALPHA A7 24.3MP DIGITAL SLR CAMERA, Tamron 18-200 Lens + EXTRAS & FREE SHIP",4.9,760.0
61,New listingSONY Alpha a5100 24.3MP Digital Camera - Black (Silver E PZ OSS 16-50mm Lens),5.0,59.49
62,New listingSONY Alpha a7 24.3MP Digital Camera - Black (with FE OSS 28-70mm Lens),4.85,262.0
63,"New listingSONY CYBER-SHOT DSC-H3 8.1MP Digital Camera Black W/ Nice Case, 2 Batteries",4.92,500.0
64,New listingSONY CYBER-SHOT DSC-W800 20.1 MP 720P BLACK DIGITAL CAMERA 5X OPTICAL ZOOM,4.71,900.0
65,New listingSony A6000 Mirrorless Digital Camera with 16-50mm and 55-210mm Lenses,4.33,109.99
66,New listingSony A7S 12.2MP Full Frame 35mm Mirrorless Digital Camera (Body Only) Bundle,4.57,99.99
67,New listingSony A9 Alpha ILCE-9 24.2MP Digital SLR Camera and Sony 24-70mm f 2.8 G lens,4.08,11.85
68,New listingSony Alpha 7R II 42.4 MP Digital Camera - Black (Body only),5.0,165.0
69,New listingSony Alpha DSLR-A200 10.2MP Digital SLR Camera,4.88,14.5
70,New listingSony Alpha DSLR-A330 10.2MP Digital SLR Camera - Black (Body Only) - Near Mint,4.6,25.49
71,New listingSony Alpha E Mount NEX-5N 16.1MP Digital Camera Body - Black - PLUS EXTRAS,4.94,35.0
72,New listingSony Alpha ILCE-6500 24.2MP Digital SLR Camera - Black (Body Only),4.5,0.99
73,New listingSony Alpha NEX-3K 14.2MP Digital Camera - Black (Kit w/ E OSS 18-55mm Lens),4.84,165.0
74,New listingSony Alpha NEX-3N 16.1MP Digital Camera w/ 3.5-5.6/18-55 steadyshot lens,4.75,75.0
75,"New listingSony Alpha NEX-5 Digital Camera and 3 lenses 18-55, 55-210, fisheye",4.62,415.0
76,New listingSony Alpha NEX-6 16.1MP Digital Camera - Black,4.65,200.0
77,New listingSony Alpha NEX-F3K 16.1MP Digital Camera - Silver (Kit w/ E OSS 18-55mm Lens),4.59,19.99
78,New listingSony Alpha SLT-A33 Digital SLR Camera SAL1855 18-55MM LENS KIT,4.82,17.99
79,New listingSony Alpha SLT-A57 16.1MP Digital SLR Camera - Black (Body Only),4.95,249.95
80,New listingSony Alpha SLT-A58 20.4MP Digital SLR Camera - Black,4.93,459.95
81,New listingSony Alpha SLT-A77 24.3MP Digital SLR Camera - Black w/Carry Case & Accessories,4.83,299.95
82,New listingSony Alpha a100 10.2MP Digital SLR Camera Body Only,4.85,519.99
83,New listingSony Alpha a5000 20.1MP Digital Camera - Black ( 16-50mm Lens) No charger,4.81,148.0
84,New listingSony Alpha a5000 20.1MP Digital Camera - Black (Kit w/ E PZ OSS 16-50mm Lens),4.57,99.95
85,New listingSony Alpha a5000 20.1MP Digital Camera - Silver (Kit w/ 16-50mm Lens),5.0,247.5
86,New listingSony Alpha a5100 24.0MP Digital Camera - Black (Body Only),4.57,59.75
87,New listingSony Alpha a5100 24.3MP Digital SLR Camera - Black (Kit w/ 16-50mm Lens),4.7,75.0
88,New listingSony Alpha a5100 Mirrorless 24.3MP Digital Camera with 16-50mm Lens Black,4.56,55.99
89,New listingSony Alpha a6000 24.3MP - Black - with E PZ OSS 16-50mm Lens,4.62,500.0
90,New listingSony Alpha a6000 24.3MP Digital Cam - Black 16-50mm Lens With 2 Batts & Charger,5.0,26.99
91,New listingSony Alpha a6000 24.3MP Digital Camera - 16-50mm Lens - Memory Card - in box,4.81,900.0
92,New listingSony Alpha a6000 24.3MP Digital Camera - Black (Body Only) (low reserve),4.93,299.99
93,New listingSony Alpha a6000 24.3MP Digital Camera - Black (Kit w/ E PZ OSS 16-50mm Lens)...,4.92,400.0
94,New listingSony Alpha a6000 24.3MP Digital Camera - Black (Kit w/ E PZ OSS 16-50mm Lens) ,4.67,700.0
95,New listingSony Alpha a6000 24.3MP Digital Camera Black - With 16-50mm f/3.5-5.6 OSS Lens!,4.81,131.85
96,New listingSony Alpha a6000 24.3MP Digital SLR Camera - Black (Kit w/ E PZ OSS 16-50mm and,4.7,220.0
97,New listingSony Alpha a6000 ILCE6000 24.3MP Digital Camera - Black (Body Only) ,4.52,164.6
98,New listingSony Alpha a6000 Mirrorless Digital Camera with 50mm Lens (Black) ILCE-6000,4.2,205.0
99,New listingSony Alpha a6000  24.3 MP Digital Camera - Silver (Kit w/  16-50mm Lens),4.6,135.99
100,"New listingSony Alpha a6500 Mirrorless Digital Camera w/ 2.95"" LCD (Body Only) (B-40)",4.94,1899.0
101,New listingSony Alpha a7 II 24.3MP Digital Mirrorless Camera - Black (Body Only),4.85,375.0
102,New listingSony Alpha a7 Mirrorless Digital Camera Body,4.79,494.73
103,New listingSony Alpha a7R 36.4MP Digital SLR Camera - Black (Body Only),4.69,15.5
104,New listingSony Alpha a7R II 42.4MP - Black (Body Only) w/ Warranty + Lexar UHS-2 SD 128GB,4.57,27.0
105,New listingSony Alpha a7R II 42.4MP Digital Camera - Black (Body Only),4.84,425.99
106,New listingSony Alpha a850 Full Frame 24.6MP Digital SLR Camera (Body Only),4.84,489.95
107,New listingSony Alpha a9 Mirrorless Interchangeable Lens Digital Camera Body Only+64GB Kit,5.0,179.0
108,New listingSony Cyber Shot 3.2 megapixels Digital Camera DSC-P72 128MB Memory Card,4.66,129.0
109,New listingSony Cyber-Shot DSC-T500 10.1MP Touchscreen Digital Camera Black Carl Zeiss,4.57,162.67
110,New listingSony Cyber-Shot DSC-W800 20.1MP Digital Camera 5x Optical Zoom,4.76,200.0
111,New listingSony Cyber-shot DSC-H55 14.1MP Digital Camera - Silver,4.4,200.0
112,New listingSony Cyber-shot DSC-H7 8.1MP Digital Camera - Black,4.43,49.99
113,New listingSony Cyber-shot DSC-HX100V 16.2MP Digital Camera - Black,4.91,899.0
114,New listingSony Cyber-shot DSC-HX400V 20.4MP Digital Camera - Black,4.81,349.99
115,New listingSony Cyber-shot DSC-HX60V 20.4MP Digital Camera - Black,4.0,313.33
116,New listingSony Cyber-shot DSC-RX100 20.2MP Digital Camera - Black,4.86,692.0
117,New listingSony Cyber-shot DSC-RX100 II 20.2MP Digital Camera,4.85,365.0
118,New listingSony Cyber-shot DSC-RX100 III,4.65,325.0
119,New listingSony Cyber-shot DSC-RX100 V Digital Camera,4.42,14.99
120,New listingSony Cyber-shot DSC-S650 7.2MP Digital Camera - Silver,5.0,54.99
121,New listingSony Cyber-shot DSC-W1 5.1 MP Digital Camera With 2 Memory Stick ProDuo And Case,4.91,578.0
122,New listingSony Cyber-shot DSC-W230 12.1MP Digital Camera case and charger,4.75,100.0
123,"New listingSony Cyber-shot DSC-W55 Digital Camera, Black w/ digital cord, battery & charger",4.78,25.0
124,New listingSony Cyber-shot DSC-W80 7.2MP Digital Camera - Pink,4.38,30.0
125,New listingSony Cyber-shot DSC-W80 7.2MP Digital Camera - Silver,4.71,925.0
126,New listingSony Cyber-shot DSC-W800 20.1 MP Digital Camera - BLACK,4.68,302.39
127,New listingSony Cyber-shot DSC-W800 20.1MP Digital Camera - Black,4.67,10.6
128,New listingSony Cyber-shot DSC-W810 20.1MP Digital Camera - Silver,4.85,469.99
129,New listingSony Cyber-shot DSC-W810 20.1MP Digital Camera - Silver NEW,5.0,275.0
130,New listingSony Cyber-shot DSC-W830 20.1MP Digital Camera - Black,4.92,179.0
131,New listingSony Cyber-shot DSC-WX150 18.2MP 10x ZOOM DIGITAL CAMERA - BLACK,4.93,850.0
132,New listingSony Cyber-shot RX10 II 20.2 MP Digital Camera (24–200 mm F2.8 Lens),4.61,270.0
133,New listingSony Cyber-shot Sony DSC-RX1R 24.3MP Digital Camera - with electronic viewfinder,4.75,29.99
134,New listingSony Cybershot DSC-F707 5MP Digital Camera - Carl Zeiss Laser Hologram Nightshot,4.94,350.0
135,New listingSony Cybershot DSC-H5 7.2MP Digital Camera 12x Image Stabilized Zoom-Black,4.93,1280.0
136,New listingSony Cybershot DSC-W5 5.1MP Digital Camera with 3x Optical Zoom,4.75,175.0
137,New listingSony Cybershot DSC-W800 20.1MP Digital Camera - Used once with 8GB SD Card,4.46,355.0
138,New listingSony Cybershot RX100 V DSC-RX100M5/B 20.1 Megapixel Digital Camera - 2.9x,4.81,389.99
139,New listingSony DSC-F828 Digital Camera w Charger Sony Flash HVL-F32X All w/ Manuels & Case,4.6,219.99
140,New listingSony DSC-RX100M5/B DSC-RX100M5/B 20.1 MP Digital Camera 2.9x Optical Zoom Black,5.0,299.99
141,New listingSony ILCE7K/B Alpha a7 Digital Camera w/ 28-70mm Lens + Lens Adapter + 64GB Kit,4.95,699.95
142,New listingSony RX100 20.1 MP Digital Camera - Black (Kit w/ 28-100 mm Lens),4.91,1279.95
143,New listingSony a6300 Mirrorless Digital Camera w/16-50mm Lens - Black (Open Box),4.93,1899.97
144,New listingUsed Working Black Sony NEX-5T 16.1MP Digital Camera + OSS 16-50mm Lens Y169,4.81,431.84
145,Open-Box Excellent: Sony - Cyber-shot RX100 20.2-Megapixel Digital Camera - B...,4.83,490.0
146,Open-Box Excellent: Sony - Cyber-shot RX100 V 21.0-Megapixel Digital Camera,4.89,259.99
147,Open-Box Excellent: Sony - DSC-HX400 20.4-Megapixel Digital Camera - Black,4.91,1098.0
148,Open-Box Excellent: Sony - DSC-W830 20.1-Megapixel Digital Camera - Silver,4.84,448.0
149,PRE-OWNED Sony Alpha a7 II 24.3MP Digital SLR Camera - (Body Only) w/box,4.18,17.95
150,PRISTINE SONY Cyber Shot DSC-T9 6MP Silver Digital Camera with Original Box,4.78,219.0
151,Paranormal Ghost Hunting Equipment Night Vision Sony Cyber-Shot Digital Camera,4.79,412.49
152,Protected Sony Alpha a7II 24.3MP Mirrorless Camera With Minolta 50mm f/1.4 Lens ,4.81,1388.0
153,Rare New Sony 7MP Digital Camera - 3x Optical Zoom - Blue (DSC-P150/LJ),4.91,1077.0
154,Rare Sony Cyber shot DSC-QX30 Lens-Style Digital Camera. 30x optical zoom!,4.45,50.0
155,Red Sony Cyber-shot DSC-W330 14.1 MP Digital Camera,4.65,818.1
156,SALE SONY CYBER-SHOT DSC-HX20V DIGITAL CAMERA 18.2 MP 20x Optical Zoom,4.93,479.0
157,SONY  DSC-F707 Digital Still Camera,4.65,99.0
158,SONY A5100 24.3MP DIGITAL CAMERA BODY NEW,4.5,19.99
159,SONY A6000 Interchangeable Lens Camera 16-50MM E55-210MM Bundle + Case + Sd Card,4.86,639.99
160,SONY A6000 Interchangeable Lens Camera 18-55MM/ E55-210MM Bundle+ Case + SD CARD,4.5,113.0
161,SONY ALPHA A550 14.2MP DSLR CAMERA BODY ONLY - NEW,4.84,448.0
162,SONY ALPHA A6000 | ILCE6000L/B | DIGITAL CAMERA | BLACK,4.65,0.01
163,SONY ALPHA A7 24.3MP MIRRORLESS FULL FRAME DIGITAL SLR CAMERA! 284 SHUTTER COUNT,5.0,249.99
164,SONY Alpha NEX-7 24.3 MP Mirrorless Camera with 18-55mm Kit Lens,4.53,114.0
165,SONY Alpha a5100 24.3MP Digital Camera - Black,4.6,44.95
166,SONY Alpha a5100 24.3MP Digital Camera - Black (with E PZ OSS 16-50mm Lens),4.53,110.67
167,"SONY Alpha a6000 24.3MP Digital Camera, Kit Lens, original box, accessories!",4.85,631.17
168,SONY Alpha a7 24.3MP Black (with FE OSS 28-70mm Lens),4.87,2000.0
169,SONY Alpha a7 24.3MP Digital Camera,4.9,152.5
170,SONY Alpha a7 24.3MP Digital Camera (PLUS EXTRAS),4.75,230.5
171,SONY Alpha a7 24.3MP Digital Camera (PLUS MORE),4.83,27.5
172,SONY Alpha a7 24.3MP Digital Camera - Black (BODY ONLY),5.0,160.0
173,SONY Alpha a7 24.3MP Digital Camera - Black (with FE OSS 28-70mm Lens),4.91,305.0
174,"SONY Alpha a7 24.3MP Digital Camera with FE OSS 28-70mm Lens, case, plus",4.85,85.0
175,SONY CYBER-SHOT DSC-H50 TILT LCD DIGITAL CAMERA 9.1 MP 15X ZOOM CARL ZEISS LOT,4.83,869.99
176,"SONY CYBERSHOT DIGITAL CAMERA DSC-H7, 8.1 MP w/ CASE, CHARGER, BATTERY, et More",5.0,150.0
177,SONY CYBERSHOT DSC-H70 16.1 MP DIGITAL CAMERA 10x Optical Zoom Silver + 8GB Card,4.85,39.99
178,SONY CYBERSHOT DSC-HX60V 20.4MP 30x ZOOM DIGITAL CAMERA - BLACK,4.45,269.92
179,SONY CYBERSHOT DSC-V3 7.2MP DIGITAL CAMERA w/ BATTERY & CHARGER - TESTED,4.65,329.99
180,SONY CYBERSHOT DSC-WX80 16.2MP 8x ZOOM DIGITAL CAMERA - WHITE Untested,4.61,34.99
181,SONY Cyber-Shot DSC-HX1 9.1MP Digital Camera - Black,4.74,199.99
182,SONY Cyber-shot DSC-RX100 20.2MP Digital Camera + EXTRAS,4.89,11.5
183,SONY Cyber-shot DSC-RX100//C 20.2MP Digital Camera NIB,5.0,350.0
184,SONY CyberShot DSC-P200 Digital Camera *7.2 MegaPixels - 90 Days Warranty,4.83,499.0
185,SONY DIGITAL CAMERA MAVICA MVC-CD200 2.0 MP W/ACCESSORIES,4.48,34.75
186,SONY DIGITAL MAVICA MVC-FD91 W/BATTERY ONLY - WORKS,5.0,359.0
187,SONY DSC-RX100M3  Digital Camera - Black - with additional accessories ,4.83,799.99
188,SONY MAVICA MVC-CD350 3.2 Megapixel CD Digital Camera CD-R/RW + Accessories,4.57,89.99
189,SONY NEX-7 24.3MP Full HD Digital Camera w/ 2 Lens and more extras!,4.84,249.99
190,SONY SLT-A55V 16.2MP DSLR CAMERA WITH Sony DT 18-70mm F3.5-5.6 ZOOM LENS,4.71,269.0
191,Sale Sony Alpha a6000 24.3MP Digital Camera - Black Body Only Spring Deals,4.5,35.0
192,Sale Sony Alpha a6000 24.3MP Digital Camera - Silver Body Only Spring Deals,4.82,459.99
193,Sale Sony Alpha a7R II 42.4MP Digital Camera - Black Body Only Spring Deals,4.83,239.99
194,Sony  NEX-5R/B 16.1 MP Compact Digital Camera Body + 3 Lens + Flash + Viewfinder,4.91,748.0
195,Sony  NEX-5R/B 16.1 MP Compact Digital Camera Body Only (Black),4.56,189.99
196,Sony  NEX-5R/B 16.1 MP Compact Digital Camera Body Only (Black) GREAT,5.0,199.99
197,Sony 20.1MP Digital Camera - Black (DSCW800/B),4.57,20.0
198,"Sony 20.1MP Digital Camera with 8x Optical Zoom and 2.7-inch LCD, Pink",4.41,39.99
199,"Sony 24.2 Digital Camera Optical with 2.7"" LCD, Black (ILCA68/B)",4.76,369.0
200,"Sony 24.2 Digital Camera Optical with 2.7"" LCD, Black (ILCA68K/B)",4.89,613.5
201,Sony A (alpha) DSLR-A200 10.2 MP Digital  Camera18-70 mm Lens,4.85,848.0
202,Sony A100 DSLR Camera with 18-70mm Kit DSLR-A100/K Black,4.81,448.0
203,"Sony A100 Digital SLR Camera 10.2MP with Tamron 28-200MM Lens, Battery + Charger",4.85,621.47
204,Sony A200 10.2MP Digital SLR Camera Body                                    #637,4.56,68.25
205,Sony A200 10.2MP Digital SLR Camera Body Image Stabilization 8K SHUTTER COUNT,4.93,527.74
206,Sony A3000 INFRARED  Digital 20.1MP Camera with 18-55mm,4.77,729.3
207,Sony A5000 Black Mirrorless Digital Camera with 16-50mm OSS E Mount Lens,4.66,45.0
208,"Sony A5000 Digital Camera w/16-50mm Lens - Black + 2 Batteries, 16GB & More",4.85,598.0
209,"Sony A5000 Digital Camera w/16-50mm Lens - Black + 2 Batteries, 32GB & More",5.0,498.0
210,Sony A6000 / Perfect Working Order / 50mm 1.8 OSS Prime Lens & 16-50mm Zoom Lens,4.83,134.99
211,"Sony A6000 Digital Camera w/16-50mm Lens - Black + 2 Batteries, 32GB & More",5.0,299.99
212,Sony A6000 Mirrorless Digital Camera - Black 16GB Package,4.85,715.0
213,Sony A6000 Mirrorless Digital Camera - Black w/ 16GB Memory Card Kit,4.93,829.0
214,Sony A6000 Mirrorless Digital Camera - Black w/ 32GB Memory Card Kit,4.5,124.22
215,Sony A7 with Canon Fd 35mm f2.8,4.86,699.99
216,Sony A700 DSLR Camera (Body Only) Black DSLR-A700,4.68,372.3
217,Sony A77II Digital SLR Camera  - Body Only,4.83,745.99
218,Sony A77II Digital SLR Camera (Body Only) with 64GB Deluxe Accessory Kit,4.93,525.59
219,Sony A7S 12.2MP Digital Mirrorless Camera Body  26878,4.85,613.8
220,Sony A7S Alpha 12.2MP Digital Mirrorless Camera ILCE-7S - $2499 - dial issue,4.93,1700.0
221,Sony A9 Alpha ILCE-9 24.2MP Digital SLR Camera - Black (Body Only),4.44,28.49
222,Sony A9 Alpha ILCE-9 24.2MP Digital SLR Camera - Black (Body Only) BRAND NEW,4.65,415.4
223,Sony A9 Digital SLR Camera Body with 24-70mm f/3.8 GM lens,4.84,548.0
224,Sony Alpha 12.2MP Mirrorless Ultra HD 4K Digital Camera ILCE-7SM2 - Black,4.91,900.0
225,Sony Alpha 7II Mirrorless Interchangeable Lens Digital Camera - Body - OPEN BOX,4.94,40.0
226,Sony Alpha 7R III 42.4 MP Digital Camera - Black (Body only),4.56,59.0
227,Sony Alpha A330 with 18-55mm lens Digital SLR Camera kit - Black,4.27,22.49
228,"Sony Alpha A500 12.3MP Digital SLR Camera - 18-55mm Lens - 15,133 clicks",4.72,19.99
229,Sony Alpha A5000 20.1MP Mirrorless Digital Camera                           #992,4.7,17.99
230,Sony Alpha A5000 Black Mirrorless Digital Camera with 16-50mm Lens Kit US,4.61,269.88
231,"Sony Alpha A5000 Mirrorless Digital Camera Body, Black (20.1 M/P)",4.5,18.9
232,Sony Alpha A5100 24.3MP Digital Camera Kit 16-50mm Lens Black,4.83,175.0
233,Sony Alpha A5100 Digital Camera Kit with 16-50mm Lens Black PX,4.94,2054.03
234,Sony Alpha A5100 Digital Camera Kit with 16-50mm Lens Black QQ,5.0,701.09
235,Sony Alpha A5100 Digital Camera Kit with 16-50mm Lens Black UU,4.0,348.0
236,Sony Alpha A5100 HD Wi-Fi Digital Camera Body Black Kit NEW USA,5.0,400.0
237,Sony Alpha A5100 HD Wi-Fi Digital Camera Body Black Kit w/18-200mm Lens NEW USA,4.81,379.99
238,Sony Alpha A5100 Wi-Fi Digital Camera & 16-50mm Lens Black,4.95,510.0
239,Sony Alpha A6000 Digital Camera (Silver) w/ 16-50 & 50mm Lenses + 32GB Kit,5.0,795.0
240,Sony Alpha A6000 Digital Camera (Silver) w/ 16-50 & 55-210mm Lenses + 32GB Kit,4.75,492.74
241,Sony Alpha A6000 HD Wi-Fi Digital Camera 24.3MP & 16-50mm Lens Black NEW USA,5.0,203.15
242,Sony Alpha A6000 HD Wi-Fi Digital Camera 24.3MP & 16-50mm Lens Silver Kit,4.88,249.99
243,"Sony Alpha A6000 Mirrorless Camera with 16-50mm Lens, Silver #ILCE6000L/S",4.85,598.0
244,Sony Alpha A6000 Mirrorless Digital Camera (Body) with 10-18mm Lens + 32GB Kit,4.7,199.99
245,Sony Alpha A6000 Mirrorless Digital Camera (Body) with 16mm Lens and 32GB Kit,5.0,360.59
246,Sony Alpha A6000 Mirrorless Digital Camera (Body) with 50mm Lens + 32GB Kit,5.0,959.95
247,Sony Alpha A6000 Mirrorless Digital Camera + 16-50 and 16mm Lenses + 32GB Kit,5.0,279.99
248,Sony Alpha A6000 Mirrorless Digital Camera + 16-50 and 30mm Lenses + 32GB Kit,4.91,1279.0
249,Sony Alpha A6000 Mirrorless Digital Camera + 16-50 and 50mm Lenses + 32GB Kit,4.51,499.99
250,Sony Alpha A6000 Mirrorless Digital Camera - Black w/16GB SDHC Card,4.75,160.0
251,Sony Alpha A6000 Mirrorless Digital Camera Body - Black,4.67,249.99
252,Sony Alpha A6000 Mirrorless Digital Camera w/ 16-50mm & 55-210mm Lens Bundle,4.86,169.99
253,"Sony Alpha A6000 Mirrorless Digital Camera w/ 16-50mm,55-210mm Lens & 32GB Kit",4.44,19.95
254,"Sony Alpha A6000 Mirrorless Digital Camera with 16-50mm E-Mount Lens, White",4.0,369.99
255,Sony Alpha A6000 Mirrorless Digital Camera with 16-50mm Lens (Black),5.0,55.0
256,Sony Alpha A6000 Mirrorless Digital Camera with 16-50mm Lens - Black,5.0,598.0
257,Sony Alpha A6000 Mirrorless Digital Camera with 16-50mm Lens - White,4.87,1501.0
258,Sony Alpha A6000 Mirrorless Digital Camera with 16-50mm Lens Black,5.0,249.0
259,Sony Alpha A6000 Mirrorless Digital Camera with 16-50mm Lens Black PX,4.92,1483.14
260,Sony Alpha A6000 Mirrorless Digital Camera with 16-50mm Lens Black QQ,4.61,299.99
261,Sony Alpha A6000 Mirrorless Digital Camera with 16-50mm Lens Black UU,5.0,798.0
262,Sony Alpha A6000 Mirrorless Digital Camera with 16-50mm Lens Silver PX,4.86,350.0
263,Sony Alpha A6000 Mirrorless Digital Camera with 16-50mm Lens Silver UU,4.45,198.0
264,"Sony Alpha A6000 Mirrorless with 16-50mm OSS Lens, Black #ILCE6000L/B",4.53,220.0
265,Sony Alpha A6000 Wi-Fi Digital Camera & 16-50mm Lens Black w/ 55-210mm Lens Kit,5.0,379.0
266,Sony Alpha A6000 Wi-Fi Digital Camera & 16-50mm Lens Silver w/ 55-210mm Lens Kit,4.63,475.0
267,Sony Alpha A6000 Wi-Fi Digital Camera Body (Graphite),4.79,350.0
268,Sony Alpha A6300 Mirrorless Digital Camera Kit with 16-50mm Lens - Black,4.65,898.0
269,Sony Alpha A68 HD Digital SLR Camera & 18-55mm Lens Kit,4.83,29.0
270,Sony Alpha A68 HD Digital SLR Camera & 18-55mm Lens with 70-300mm Lens Kit,4.73,10.1
271,Sony Alpha A68 HD Digital SLR Camera Body Kit,5.0,257.0
272,Sony Alpha A7 Digital Camera & 28-70mm FE OSS Lens Black,5.0,3989.0
273,Sony Alpha A7 Digital SLR Camera - Black (Body Only),4.6,19.98
274,"Sony Alpha A7 Digital SLR Camera - Black (Body Only) mint, 7k shutter actuations",4.78,349.99
275,Sony Alpha A7 II HD Wi-Fi Digital Camera Body with FE 50mm f/1.8 Lens Kit,4.36,12.0
276,"Sony Alpha A700 Digital SLR Camera 12.2MP and 3 Lenses, Battery, Charger + Xtras",4.93,447.27
277,Sony Alpha A7RIII 42.4 MP Digital Camera - Black (Body only),4.79,529.99
278,"Sony Alpha A900 Digital SLR Camera with DSLR Lens SAL18250 F3.5, BUNDLE",4.56,44.0
279,Sony Alpha DSLR-A200 10.2MP DSLR Camera Black With 18-70 & 70-300 Lenses,4.53,124.96
280,Sony Alpha DSLR-A200 10.2MP Digital SLR Camera - Black (w/ DT 18-70mm/75-300mm),4.78,154.99
281,Sony Alpha DSLR-A200 10.2MP Digital SLR Camera - Black 18-70mm lens,4.53,67.5
282,Sony Alpha DSLR-A200 10.2MP Digital SLR Camera w/ 18-70mm lens & 8GB CF Card,5.0,898.0
283,Sony Alpha DSLR-A300 10.2 MP Digital SLR Camera - Black (Kit w/ DT 18-70mm...,4.52,199.99
284,Sony Alpha DSLR-A300 10.2MP 2.7''Screen Digital SLR Camera - BODY ONLY,4.91,586.9
285,Sony Alpha DSLR-A300 10.2MP Digital SLR Camera - with 18-55 mm lens I-3231,5.0,299.99
286,Sony Alpha DSLR-A330 10.2MP Digital SLR Camera - Black (Kit w/ DT SAM 18-55mm...,4.81,265.0
287,Sony Alpha DSLR-A350 14.2MP 2.7''Screen Digital SLR Camera - BODY ONLY,4.53,125.0
288,Sony Alpha DSLR-A380 14.2 MP Digital SLR Camera - Black (Body Only) 14587,4.84,436.98
289,Sony Alpha DSLR-A390 14.2MP Digital SLR Camera - Black,5.0,313.42
290,Sony Alpha DSLR-A500 12.3MP Digital SLR Camera - Black W/ case and accessories,4.75,249.99
291,Sony Alpha DSLR-A550 14.2 MP Digital SLR Camera - Black (Kit w/ DT SAM...,4.81,829.0
292,Sony Alpha DSLR-A580 16.2 MP Digital SLR Camera - Black (Body Only),4.93,349.99
293,Sony Alpha DSLR-A700 12.2 MP Digital SLR Camera w/extras,4.48,34.99
294,Sony Alpha ILCE-6500 24.2MP Digital SLR Camera + 3 Batteries & 16GB memory card,4.57,66.5
295,Sony Alpha ILCE-6500 24.2MP Digital SLR Camera - Black (Body Only),4.61,149.99
296,Sony Alpha ILCE-6500 24.2MP Digital SLR Camera - Black (Body Only) - 2484,4.56,172.92
297,Sony Alpha ILCE-6500 24.2MP Digital SLR Camera - Black + Sigma 30mm/2.8 lens,4.57,99.99
298,Sony Alpha ILCE-7RM2 A7RII 42.2MP Digital Mirrorless Camera (Body) w/Accessories,4.63,299.99
299,Sony Alpha ILCE6000L/S 24.3MP  Digital Camera 4x 3.0 inch   TFT LCD (Silver),4.83,749.0
300,Sony Alpha ILCE7/B a7 Mirrorless Digital Camera 24.3MP Wi-Fi -Low Shutter 137,5.0,656.18
301,Sony Alpha NEX-3  14.2MP Interchangeable Lens Digital Camera w/18-55mm Lens,4.82,89.0
302,"Sony Alpha NEX-3 14.2MP Digital Camera (Black) Body Only+Accessories, Excellent!",4.85,819.99
303,Sony Alpha NEX-3 14.2MP Digital Camera - Black Kit w/ 18-55mm Lens Flash Case,4.84,449.5
304,Sony Alpha NEX-3A 14.2 MP Digital Camera Kit - Black (w/ E 16mm Wide Angle Lens),4.75,249.99
305,Sony Alpha NEX-3N  16.1MP Digital Camera - Black (Body Only) Battery/Charger,5.0,78.0
306,Sony Alpha NEX-3N 16.1MP Digital Camera - Black {Body Only} ⭐️Great Condition!⭐️,4.77,249.95
307,Sony Alpha NEX-3N 16.1MP Digital Camera with 16-50mm Lens Black NEX3NL/B,4.78,205.0
308,Sony Alpha NEX-3N Digital Camera 16.1MP With 55-210mm Lens Black,4.71,929.0
309,Sony Alpha NEX-3NL 16.1MP Digital Camera - BLACK (Kit w/ E PZ OSS 16-50mm Lens),4.67,835.58
310,Sony Alpha NEX-3NL 16.1MP Digital Camera - White (Kit w/ E PZ OSS 16-50mm Lens),4.85,333.71
311,Sony Alpha NEX-5 14.2MP Digital Camera - Black (Body Only),4.76,855.0
312,Sony Alpha NEX-5 14.2MP Digital Camera - Silver (Body Only) + Accessories,4.88,200.0
313,Sony Alpha NEX-5 14.2MP Digital Camera - Silver (Kit w/ E OSS 18-55mm Lens),4.89,349.99
314,Sony Alpha NEX-5 14.2MP Digital Camera With 18-55mm Lens Black NEX5K/B,4.57,167.99
315,Sony Alpha NEX-5 14.2MP Digital Camera with 18-55mm Lens Silver NEX5K/S,4.5,18.0
316,Sony Alpha NEX-5K 14.2MP Digital Camera - Silver (Kit w/ E OSS 18-55mm Lens),4.58,29.0
317,"Sony Alpha NEX-5N 16.1 MP Digital Camera (w/ E OSS 18-55 Lens, Flash Light)",4.77,900.0
318,Sony Alpha NEX-5N 16.1 MP Digital Camera - Black (Body Only),5.0,725.0
319,Sony Alpha NEX-5N 16.1MP Digital Camera - Black (Kit w/ E 16mm Lens) (NEX-5N),4.79,210.0
320,Sony Alpha NEX-5N 16.1MP Digital Camera - Black (Kit w/ E OSS 18-55mm Lens),4.78,275.0
321,Sony Alpha NEX-5N 16.1MP Digital Camera - Silver (Kit w/ E OSS 18-55mm Lens),4.79,479.0
322,Sony Alpha NEX-5N 16.1MP Digital Camera - White w/ OSS 18-55mm Lens (c00077),4.94,1170.16
323,"Sony Alpha NEX-5N Digital Camera w/18-55 & 55-210 E OSS Lenses, Flash, Case Etc.",4.56,135.0
324,Sony Alpha NEX-5N Digital Camera w/SEL1855 18-55mm lens - read description,4.71,660.0
325,Sony Alpha NEX-5N Digital Camera with 18-55mm Lens Silver NEX5NK/S,4.93,1659.24
326,Sony Alpha NEX-5R 16.1MP Digital Camera - Black (Body Only),4.56,71.99
327,Sony Alpha NEX-5R 16.1MP Digital Camera - Silver,4.86,42.0
328,"Sony Alpha NEX-5T 16.1MP (Black) Body Only w/ 2 New Case, Bag_ 604 Clicks_MINT",4.81,430.89
329,Sony Alpha NEX-5T 16.1MP Digital Camera - Black (Body Only),4.62,625.0
330,Sony Alpha NEX-5T 16.1MP Digital Camera - Black (Kit w/ E PZ OSS 16-50mm Lens),4.89,613.5
331,Sony Alpha NEX-5T 16.1MP Digital Camera - Grey (Body Only),4.95,630.0
332,Sony Alpha NEX-5T 16.1MP Digital Camera - Silver (Kit w/ E OSS 16-50mm Lens),4.91,900.0
333,Sony Alpha NEX-5T 16.1MP Digital Camera - White (Kit w/ E PZ OSS 16-50mm Lens),4.94,559.99
334,Sony Alpha NEX-5T 16.1MP Digital Camera with 16-50mm and 55-210mm Lenses!,4.9,1299.0
335,Sony Alpha NEX-5T 16.1MP Mirrorless Digital Camera Black Body and Lens 16-50mm,4.66,200.0
336,Sony Alpha NEX-5T plus gear/lenses,4.83,1198.0
337,Sony Alpha NEX-6 16.1 MP Digital Camera in Black Body Only,4.83,698.0
338,Sony Alpha NEX-6 16.1MP Digital Camera - Black (18-55mm OSS ZOOM Lens),4.76,110.0
339,Sony Alpha NEX-6 16.1MP Digital Camera - Black (Body Only),5.0,107.5
340,Sony Alpha NEX-6 16.1MP Digital Camera - Black (Kit w/ E PZ 16-50mm OSS Lens),4.84,219.66
341,Sony Alpha NEX-6 16.1MP Digital Camera - Black Kit with E PZ 16-50mm OSS Lens,4.9,638.18
342,Sony Alpha NEX-6 16.1MP Digital Camera Black w/ E PZ 16-50mm OSS Lens FREE SHIP,4.69,54.99
343,Sony Alpha NEX-6 16.1MP Digital Camera with 16-50mm and 55-210mm Lenses,5.0,299.0
344,Sony Alpha NEX-6 16.1MP Digital Camera with free Zonlai 25mm/1.8 lens ,4.66,43.53
345,Sony Alpha NEX-6 Mirrorless Digital Camera,4.86,828.0
346,Sony Alpha NEX-6 Mirrorless Digital Camera 16-50mm Power Zoom Lens,4.81,245.0
347,Sony Alpha NEX-6 Mirrorless Digital Camera Body with neck strap FREE SHIPPING,4.5,89.99
348,Sony Alpha NEX-7  24.3MP Digital Camera - Black (Kit w/ E OSS 18-55mm Lens),5.0,750.0
349,Sony Alpha NEX-7 24.3 MP Digital Camera - Black (Body Only),4.52,189.73
350,"Sony Alpha NEX-7 24.3MP Digital Camera - Black  with 18-55 Lens, Book, 16 GB SD",4.81,688.99
351,Sony Alpha NEX-7 24.3MP Digital Camera - Black (Body Only),4.77,350.0
352,Sony Alpha NEX-7 24.3MP Digital Camera - Black (Kit w/ E OSS 18-55mm Lens),4.95,898.0
353,Sony Alpha NEX-7 24.3MP Digital Camera - Black w/ 16-50mm lens,4.68,325.0
354,"Sony Alpha NEX-7 24.3MP Digital Camera - w/ two batteries, memory Card, charger",4.61,66.0
355,Sony Alpha NEX-7 24.3MP Digital Camera Black Body ONLY 10K SHUTTER COUNT,4.53,172.59
356,Sony Alpha NEX-7 24.3MP Digital Camera Black Body ONLY 12K SHUTTER COUNT,4.91,1300.0
357,Sony Alpha NEX-7 24.3MP Digital Camera Black Body ONLY 8K SHUTTER COUNT,4.93,810.0
358,Sony Alpha NEX-7 24.3MP Digital Camera with TWO Lenses * * * MINT * * *,4.85,549.0
359,Sony Alpha NEX-7 Digital Camera with 18-55mm Lens (Black),4.93,1700.0
360,Sony Alpha NEX-7 Digital Camera with 18-55mm Lens - Black,4.82,439.99
361,Sony Alpha NEX-7 NEX7B HD 24.3MP Pro Mirrorless Black Digital Camera Body $650,4.18,29.95
362,Sony Alpha NEX-7K 24.3MP Digital Camera - Black (Kit w/ E OSS 18-55mm Lens),4.84,133.5
363,Sony Alpha NEX-C3 16.2 MP Digital Camera - Black (Kit w/ 18-55mm Lens) (NEX-C3),4.85,237.0
364,Sony Alpha NEX-C3 16.2MP Digital Camera - Black (Kit w/ 18-55mm Lens) (NEX-C3),4.92,1398.0
365,Sony Alpha NEX-F3 16.1 MP Digital Camera - Silver (Body Only) Kit W/ Accessories,4.56,170.0
366,Sony Alpha NEX-F3 16.1MP Digital Camera - Pink(rare) (Kit w/ E OSS 18-55mm Lens),4.85,379.0
367,Sony Alpha NEX-F3 16.1MP Digital Camera - White (Kit w/ E OSS 18-55mm Lens),5.0,310.0
368,Sony Alpha NEX-F3 16.1MP Mirrorless Digital Camera (Kit w/ 18-55mm and 55-210mm),4.61,18.5
369,Sony Alpha NEX-F3K 16.1 MP Digital Camera with 18-55mm Lens Kit Interchangeable,4.61,34.97
370,Sony Alpha NEX-F3K 16.1MP Digital Camera Silver Kit with 18-55mm Lens NEX-F3K/S,4.81,431.16
371,Sony Alpha NEX-F3K/B Digital Camera 18-55mm Lens Black,4.93,499.99
372,Sony Alpha QX1 20.1MP Mirrorless Digital Camera - Black (Body Only),4.56,21.0
373,Sony Alpha SLT-A33 14.2MP Digital SLR Camera - Black (Kit w/ DT SAM 18-55mm...,4.93,1769.99
374,Sony Alpha SLT-A33 14.2MP With Black (Kit w/ DT SAM 18-55mm Lens + Many Extras,4.73,149.0
375,Sony Alpha SLT-A35 16.2MP Digital SLR Camera - Black (Kit w/ DT SAM 18-55mm...,4.87,2850.0
376,Sony Alpha SLT-A35 16.2MP Digital SLR Camera - Black w/3 lenses and accessories,4.95,735.99
377,Sony Alpha SLT-A35 16.2MP Digital SLR Camera w/ 18-55mm and 75-300mm lenses,4.52,379.95
378,Sony Alpha SLT-A55 16.2 MP Digital SLR Camera - Black (Kit w/ DT SAM 18-55mm...,4.85,650.0
379,Sony Alpha SLT-A55 16.2 MP Digital SLR Camera - Black-Kit w/ DT SAM 18-55mm Lens,5.0,3999.0
380,Sony Alpha SLT-A55 16.2 MP Digital SLR Camera - w/ 18-55mm Lens - 2445,4.67,89.99
381,Sony Alpha SLT-A55 16.2 MP Digital SLR Camera - w/ DT SAM 18-55mm Lens + bonus,4.77,390.0
382,Sony Alpha SLT-A55 16.2MP Digital SLR Camera - Black (Body Only),4.83,1218.0
383,Sony Alpha SLT-A55 16.2MP Digital SLR Camera - Black DT SAM 18-55mm Lens+Extras,5.0,199.0
384,Sony Alpha SLT-A55 16.2MP Digital SLR Camera Outfit (SLTA55V) with 3 lenses,4.75,167.51
385,Sony Alpha SLT-A55V DSLR 16.2MP Digital Camera Body A55 w/ Extras,4.7,175.0
386,Sony Alpha SLT-A57 16.1MP Digital SLR Camera - Black w/ DT SAM 18-55mm Lens,4.93,132.5
387,Sony Alpha SLT-A57 16.1MP Digital SLR Camera With 18-55mm Lens,5.0,415.0
388,Sony Alpha SLT-A58 20.4MP Digital SLR Camera DSLR SAM II 18-55mm Point and shoot,4.81,253.0
389,Sony Alpha SLT-A58M 20.1MP Digital SLR Camera - Black (Kit w/ DT 18-55mm Lens),4.84,267.9
390,Sony Alpha SLT-A65 24.3MP Digital SLR Camera - With six lenses and more!,4.62,375.0
391,Sony Alpha SLT-A65 24.3MP Digital SLR Camera - w/ DT SAM 18-55mm + EXTRAS,4.65,47.0
392,Sony Alpha SLT-A65 24.3MP Digital SLR Camera Kit w/ DT SAM 16-50mm f2.8,5.0,648.0
393,Sony Alpha SLT-A65V 24.3MP Digital Camera with 18-55mm Lens SLT-A65VK,4.71,350.0
394,Sony Alpha SLT-A68 HD Digital SLR Camera & 18-55mm Lens,4.81,349.99
395,Sony Alpha SLT-A68 HD Digital SLR Camera Body,4.86,280.0
396,Sony Alpha SLT-A68 HD Digital SLR Camera Body Kit,5.0,169.0
397,Sony Alpha SLT-A68 HD Digital SLR Camera Body Kit with Tamron 70-300mm Lens,4.85,1949.99
398,Sony Alpha SLT-A77 24.3MP Digital SLR Camera with six batteries A77,5.0,185.31
399,Sony Alpha SLT-A99 24.3MP Digital SLR Camera - Black - Body plus Vertical Grip,4.93,452.87
400,Sony Alpha a100 10.2MP Digital SLR Camera - Black (Kit w/ DT 18-70mm Lens),5.0,399.99
401,"Sony Alpha a100 10.2MP Digital SLR Camera -18-70,75-300 Lenses, tripod and case",5.0,119.99
402,Sony Alpha a100 10.2MP Digital SLR Camera Body,4.58,56.16
403,Sony Alpha a230 10.2MP Digital SLR Camera - Black (kit lens included),4.71,35.5
404,Sony Alpha a230 10.2MP Digital SLR Camera Kit w/Sony 18-70mm & 75-300 Zoom Lens,4.5,135.0
405,Sony Alpha a300 10.2 MP Digital SLR Camera - Black w/Lens  07-1F,4.56,50.0
406,Sony Alpha a300 10.2MP Digital SLR Camera - Black (Body plus Lens),4.57,101.99
407,Sony Alpha a300 10.2MP Digital SLR Camera - Black (Kit w/ DT 18-70mm Lens),4.78,274.99
408,Sony Alpha a3000 20.1MP 3'' SCREEN DIGITAL CAMERA-BLACK (BODY ONLY),5.0,199.99
409,Sony Alpha a3000 20.1MP Digital Camera - Black (Body Only) - Shutter Count: 1961,4.74,175.0
410,Sony Alpha a3000 20.1MP Digital Camera - Black (Kit w/ E OSS 18-55mm Lens),4.63,190.0
411,"Sony Alpha a350 14.2 MP Digital SLR Camera, Black with 18mm to 70mm lens charger",4.59,299.99
412,Sony Alpha a350 14.2MP Digital SLR Camera - Black (Body Only),4.74,230.0
413,Sony Alpha a350 14.2MP Digital SLR Camera - Black (Body Only) Screen Cracked,4.78,130.0
414,Sony Alpha a350 14.2MP Digital SLR Camera And Lens Bundle Lens-Flash,4.7,225.0
415,Sony Alpha a350 14.2MP Digital SLR Camera Black Kit w/ DT 18-70mm & 75-300 Lenes,4.43,19.87
416,Sony Alpha a350 14.2MP Digital SLR Camera w/ DT 18-70mm Lens Plus Accessories,4.81,375.0
417,Sony Alpha a390 14.2 MP Digital SLR Camera - Black (Kit w/ Lenses & Accessories),4.0,20.0
418,Sony Alpha a390 14.2MP Digital SLR Camera w/ 18-70mm & 70-210mm Lens Shutter=495,4.9,448.0
419,Sony Alpha a5000 20.1 MP Digital SLR Camera Black With SELP1650 Steady Shot Lens,4.5,400.0
420,Sony Alpha a5000 20.1MP Digital Camera (Kit w/ E PZ OSS 16-50mm Lens)  #129,4.81,202.5
421,Sony Alpha a5000 20.1MP Digital Camera (Kit w/ E PZ OSS 16-50mm Lens)  #134,4.79,249.0
422,Sony Alpha a5000 20.1MP Digital Camera - Black (Body Only),4.7,64.25
423,Sony Alpha a5000 20.1MP Digital Camera - Black (Body Only) Shutter Count 1071,5.0,4268.2
424,Sony Alpha a5000 20.1MP Digital Camera - Black (Body only),4.83,192.5
425,Sony Alpha a5000 20.1MP Digital Camera - Black (Kit w/ E PZ OSS 16-50mm Lens),5.0,150.0
426,Sony Alpha a5000 20.1MP Digital Camera - Silver,4.85,375.0
427,Sony Alpha a5000 20.1MP Digital Camera - Silver (Kit w/ E PZ OSS 16-50mm Lens),5.0,184.57
428,Sony Alpha a5000 20.1MP Digital Camera - Silver Excellent Condition,4.75,213.5
429,Sony Alpha a5000 20.1MP Digital Camera - White NO LENS BODY ONLY,4.65,199.99
430,Sony Alpha a5000 20.1MP Digital Camera BUNDLE USED GREAT CONDITION,4.68,199.99
431,Sony Alpha a5000 20.1MP Digital Camera w/E PZ OSS 16-50mm Lens w/Carry Bag,4.68,52.0
432,Sony Alpha a5000 20.1MP Digital Mirrorless Camera (Body only) Black,4.93,950.0
433,Sony Alpha a5000 20.1MP Digital Mirrorless Camera (Body only) Black w/ Issue,4.93,700.0
434,Sony Alpha a5000 20.1MP Digital SLR Camera + 16-50 + 55-210 + Case   4APE,5.0,500.0
435,Sony Alpha a5000 20.1MP Digital SLR Camera - Black (Body Only) ✔Ships Same Day!!,4.71,892.0
436,Sony Alpha a5000 20.1MP Digital SLR Camera - Black (Kit w/ E PZ OSS 16-50mm Lens,4.71,299.99
437,Sony Alpha a5000 20.1MP Digital SLR Camera - White (Body Only),4.61,175.94
438,Sony Alpha a5000 20.1MP Digital SLR Camera Black w/ E PZ OSS 55-210 16-50mm Lens,4.71,929.95
439,Sony Alpha a5000 Mirrorless Digital Camera - Black,5.0,281.21
440,Sony Alpha a5000 Mirrorless Digital Camera with 16-50mm Lens (Black),4.81,329.99
441,Sony Alpha a5000 Mirrorless Digital Camera with 16-50mm Lens (Black),4.81,378.42
442,Sony Alpha a5000 Mirrorless Digital Camera with 16-50mm Lens (Black) BRAND NEW,4.84,514.8
443,Sony Alpha a5000 Mirrorless Digital Camera with 16-50mm Lens (Black) PRO BUNDLE,4.71,169.9
444,Sony Alpha a5000 Mirrorless Digital Camera with 16-50mm Lens (Black) STARTER KIT,5.0,619.99
445,Sony Alpha a5000 Mirrorless Digital Camera with 16-50mm Lens (Silver) BRAND NEW!,5.0,199.99
446,Sony Alpha a5000 Mirrorless Digital Camera with 16-50mm Lens (White) NEW,4.85,586.41
447,Sony Alpha a5000 Mirrorless Digital Camera with 16-50mm Lens (White) PRO BUNDLE,4.0,368.0
448,Sony Alpha a5000 Mirrorless Digital Camera with 16-50mm Lens (White) STARTER KIT,5.0,90.0
449,Sony Alpha a5000 Mirrorless Digital Camera with 16-50mm OSS Lens B00HNJWU3G,5.0,185.95
450,Sony Alpha a5100 24.0MP Digital Camera - White (Body Only),5.0,448.0
451,Sony Alpha a5100 24.3 Megapixel Mirrorless Digital Camera (Body Only) Black,4.88,37.99
452,Sony Alpha a5100 24.3MP Digital Camera - Black (Body Only),4.9,309.99
453,Sony Alpha a5100 24.3MP Digital SLR Camera - Black (Kit w/ E PZ OSS 16-50mm Len…,4.86,649.98
454,Sony Alpha a5100 24.3MP Digital SLR Camera - Black (Kit w/ E PZ OSS 16-50mm...,4.71,911.0
455,Sony Alpha a5100 24.3MP Digital SLR Camera Black Kit w/ E PZ OSS 16-50mm Lens,4.84,514.5
456,Sony Alpha a5100 Digital Camera - Black,4.93,370.0
457,Sony Alpha a5100 Mirrorless 24.3MP Digital Camera Body Black,5.0,379.99
458,Sony Alpha a5100 Mirrorless 24.3MP Digital Camera body without Lens. White,4.45,198.0
459,Sony Alpha a5100 Mirrorless 24.3MP Digital Camera with 16-50mm Lens Black,4.52,49.99
460,"Sony Alpha a5100 Mirrorless Camera with 16-50mm Lens, Black #ILCE5100L/B",4.6,199.99
461,Sony Alpha a5100 Mirrorless Digital Camera 16-50mm Lens Black + 32GB Bundle,4.74,219.95
462,Sony Alpha a5100 Mirrorless Digital Camera with 16-50mm Lens (Black) PRO KIT NEW,4.84,524.99
463,"Sony Alpha a5100, Mirrorless Camera - Black, 16-50mm Lens",4.5,39.37
464,Sony Alpha a6000 24.3 MP Digital Camera with 16-50mm Lens Silver ILCE6000L/S,4.65,499.95
465,Sony Alpha a6000 24.3MP Black Digital Camera + 16-50mm Lens + 32GB Accessory Kit,4.5,325.0
466,Sony Alpha a6000 24.3MP Black Digital Camera + 16-50mm Lens + 8GB Accessory Kit,4.81,384.99
467,Sony Alpha a6000 24.3MP Digital Camera - Black (Body Only),4.73,85.0
468,Sony Alpha a6000 24.3MP Digital Camera - Black (Body Only) ILCE6000/B,4.83,698.0
469,Sony Alpha a6000 24.3MP Digital Camera - Black (Body Only) shutter 6242,4.81,210.5
470,"Sony Alpha a6000 24.3MP Digital Camera - Black (Body), lens 18-105 F4 G OSS",4.76,799.99
471,Sony Alpha a6000 24.3MP Digital Camera - Black (Kit w/ E PZ OSS 16-50mm Lens),4.91,1349.99
472,Sony Alpha a6000 24.3MP Digital Camera - Black (Kit w/ E PZ OSS 16-50mm Lens) (B,4.57,44.0
473,Sony Alpha a6000 24.3MP Digital Camera - Black (Kit w/ E PZ OSS 16-50mm Lens)+SD,4.81,209.0
474,Sony Alpha a6000 24.3MP Digital Camera - Black (Kit w/ E PZ OSS 16-50mm Lens)...,4.75,70.0
475,Sony Alpha a6000 24.3MP Digital Camera - Black (With Extras),4.83,130.0
476,Sony Alpha a6000 24.3MP Digital Camera - Black - + Extra Lens **Mint**,4.46,9.99
477,Sony Alpha a6000 24.3MP Digital Camera - Black 23 Shutter count (16-50mm Lens),5.0,600.0
478,Sony Alpha a6000 24.3MP Digital Camera - Black with 200mm Lens Shown,4.91,1099.0
479,Sony Alpha a6000 24.3MP Digital Camera - Black with E 16-50mm and 55-210m Lenses,4.7,174.27
480,Sony Alpha a6000 24.3MP Digital Camera - Black with THREE Sigma 2.8 Lenses,4.81,513.9
481,Sony Alpha a6000 24.3MP Digital Camera - White (Body Only),4.33,299.99
482,Sony Alpha a6000 24.3MP Digital Camera -Black with 16-50mm Lens and extras,4.83,189.0
483,Sony Alpha a6000 24.3MP Digital Camera Black + E Pz Oss 16-50mm Lens Spring Deal,4.91,603.5
484,Sony Alpha a6000 24.3MP Digital Camera Black Kit 16-50mm Lens + 50mm 1.8 + flash,4.33,209.99
485,Sony Alpha a6000 24.3MP Digital Camera Body - Black (Body Only) ,4.63,239.99
486,Sony Alpha a6000 24.3MP Digital Camera SELP1650 SEL1855 LA-EA2 SEL30M35,4.6,180.0
487,Sony Alpha a6000 24.3MP Digital SLR Camera - Black (Kit w/ E PZ OSS 16-50mm and,4.56,21.5
488,Sony Alpha a6000 24.3MP Digital SLR Camera - Black 16-50mm and 55-210 lens,4.85,449.0
489,Sony Alpha a6000 24.3MP Digital SLR Camera - Black with E 55-210 Lens,4.94,1300.0
490,Sony Alpha a6000 24.3MP Digital SLR Camera Black with 16-50mm and 55-210mm Lens,4.7,150.0
491,"Sony Alpha a6000 24.3MP Digital SLR Camera, Black (Kit w/SEL 16-50mm & 55-210mm)",4.75,1598.98
492,Sony Alpha a6000 24.3MP Mirrorless Digital Camera w/ 16-50mm Lens and  Bundle,4.64,1892.74
493,Sony Alpha a6000 Camera w/ 16-50mm Lens and 64GB SD Card Bundle - Graphite,4.84,785.99
494,Sony Alpha a6000 Digital Camera Full Kit,4.68,264.9
495,Sony Alpha a6000 Lens Camera w/ 16-50mm Lens (S) & 64GB SDHC Bundle,4.93,988.8
496,Sony Alpha a6000 Mirrorless 24.3MP Digital Camera Body Black,4.77,375.0
497,Sony Alpha a6000 Mirrorless 24.3MP Digital Camera w/ 16-50mm Lens (Silver) - NEW,4.75,50.0
498,Sony Alpha a6000 Mirrorless DSLR Digital Camera (Body Only),4.93,447.0
499,Sony Alpha a6000 Mirrorless Digital Camera - Black w/16-50mm Lens + 16GB & Case,4.5,35.0
500,Sony Alpha a6000 Mirrorless Digital Camera - Black w/16-50mm Lens 16GB Package,4.93,483.05
501,Sony Alpha a6000 Mirrorless Digital Camera - Black w/16-50mm Lens 32GB Package,4.91,1175.0
502,Sony Alpha a6000 Mirrorless Digital Camera - Body only,4.0,229.99
503,Sony Alpha a6000 Mirrorless Digital Camera 24.3MP SLR Camera 16-50mm Power Zoom,4.85,449.99
504,Sony Alpha a6000 Mirrorless Digital Camera Body (Black),4.92,460.0
505,Sony Alpha a6000 Mirrorless Digital Camera Body - Black,4.75,359.99
506,Sony Alpha a6000 Mirrorless Digital Camera W/ 16-50mm Lens (Black) STARTER KIT!!,4.93,649.99
507,Sony Alpha a6000 Mirrorless Digital Camera with 16-50mm Lens (Black)#ILCE6000L/B,4.81,399.99
508,Sony Alpha a6000 Mirrorless Digital Camera with 16-50mm Lens (White) * NEW,4.93,999.99
509,Sony Alpha a6000 Mirrorless Digital Camera with 16-50mm Lens Black,4.85,579.95
510,Sony Alpha a6000 Mirrorless Digital Camera with 16-50mm Lens Silver,4.53,60.0
511,Sony Alpha a6000 Mirrorless Digital Camera with 16-50mm Lens White,4.9,397.0
512,Sony Alpha a6000 Mirrorless Digital Camera with 50mm Lens (Black) ILCE-6000,4.95,798.0
513,Sony Alpha a6000  24.3 MP Digital Camera - Silver (Kit w/ E PZ OSS 16-50mm Lens),4.81,245.0
514,Sony Alpha a6000 24.3 MP Digital Camera - Silver (Kit w/ E PZ OSS 16-50mm Lens),5.0,347.0
515,Sony Alpha a6000 24.3 MP Digital Camera With Sony 50mm f/1.8 Lens Silver,5.0,229.0
516,Sony Alpha a6300 24.2MP Digital Mirrorless Camera - Black (Kit w/ 16-50mm Lens),4.91,361.65
517,Sony Alpha a6300 24.2MP Digital Mirrorless Camera -EXTRAS,4.5,20.6
518,Sony Alpha a6300 24.2MP Digital SLR Camera + Sony 35mm OSS Lens & Rokinon 12mm,5.0,150.0
519,Sony Alpha a6300 24.2MP Digital SLR Camera - Black (Body Only),4.9,1249.99
520,Sony Alpha a6300 24.2MP Digital SLR Camera - Black (Body Only) ILCE6300/B,4.92,775.0
521,Sony Alpha a6300 Kit (w/ 16-50mm Lens) + extras,4.64,199.99
522,Sony Alpha a6300 Mirrorless 24.2MP 4K Digital Camera with 16-50mm Lens Silver,4.85,650.0
523,"Sony Alpha a6300 Mirrorless Camera w/16-50mm Lens + 2 Batteries, 16GB & More",5.0,699.99
524,"Sony Alpha a6300 Mirrorless Digital Camera (Body Only) + 2 Batteries,64GB & More",4.81,421.04
525,Sony Alpha a6300 Mirrorless Digital Camera w/16-50mm Lens,4.86,897.03
526,Sony Alpha a6300 Mirrorless Digital Camera with 16-50mm Lens Black + 16GB Kit,4.5,220.0
527,Sony Alpha a6300 Mirrorless Digital Camera with 16-50mm Lens Kit UU,5.0,1100.0
528,Sony Alpha a6300 Mirrorless Digital Camera with 16-50mm Lens Silver + 16GB Kit,5.0,299.99
529,Sony Alpha a6500 Mirrorless 24.2MP 4K Digital Camera Body,4.88,76.0
530,Sony Alpha a6500 Mirrorless Digital Camera (Body Only),4.93,349.95
531,Sony Alpha a6500 Mirrorless Digital Camera (Body Only) Brand New,4.84,418.45
532,Sony Alpha a6500 Mirrorless Digital Camera (Body Only)!! BRAND NEW!!,4.93,539.73
533,Sony Alpha a6500 Mirrorless Digital Camera - Black (Body Only) + 5 batteries,4.83,157.5
534,Sony Alpha a6500 Mirrorless Digital Camera - Black (Body Only) +Bag+Remote,4.89,495.0
535,Sony Alpha a6500 Mirrorless Digital Camera Body #ILCE6500/B,4.91,645.99
536,Sony Alpha a6500 Mirrorless Digital Camera With Sony E 16-70 F4 ZA OSS ZEISS lns,4.74,18.9
537,"Sony Alpha a6500 Mirrorless Digital Camera w/ 2.95"" LCD (Body Only)",4.91,1099.0
538,Sony Alpha a68 DSLR Camera with 18-55mm Lens (Black)!! BRAND NEW!!,4.0,348.0
539,Sony Alpha a68 Digital SLR Camera Body,4.85,500.0
540,Sony Alpha a68 Digital SLR Camera with DT 18-55mm f/3.5-5.6 SAM II Lens,4.48,245.0
541,Sony Alpha a7 24.3 MP Mirrorless Digital Camera Body ILCE-7,4.84,498.0
542,Sony Alpha a7 24.3MP Digital Camera - Black (Body Only) - Shutter Count: 982,4.61,268.0
543,"Sony Alpha a7 24.3MP Digital Camera sel2870 OSS 28-70mm Lens, 548 shutter count",4.81,1100.0
544,Sony Alpha a7 24.3MP Digital Camera with 28-70mm Lens Black ILCE7K/B,4.39,25.0
545,Sony Alpha a7 24MP Digital Camera - Black (Body Only) Brand New In Box - US Item,4.53,94.95
546,Sony Alpha a7 II 24.3MP Digital Mirrorless Camera - Black (Body Only),4.6,150.0
547,Sony Alpha a7 II 24.3MP Digital Mirrorless Camera - Black (Body Only) A7II,4.76,679.99
548,Sony Alpha a7 II 24.3MP Digital Mirrorless Camera - Black (Body Only) EX,4.79,485.38
549,Sony Alpha a7 II 24.3MP Digital Mirrorless Camera - Black (Body Only) ILCE7M2/B,4.85,1799.0
550,Sony Alpha a7 II 24.3MP Digital Mirrorless Camera - Black w/ two batteries,4.94,135.0
551,Sony Alpha a7 II 24.3MP Digital Mirrorless Camera - with vertical grip,4.94,451.0
552,Sony Alpha a7 II 24.3MP Digital Mirrorless Camera w/ 4 batteries & 2 chargers,4.94,798.0
553,Sony Alpha a7 II 24.3MP Digital Mirrorless Camera with 2 battery grip EX,4.91,589.99
554,Sony Alpha a7 II 24.3MP Digital SLR Camera - Black (Body Only),4.83,179.0
555,Sony Alpha a7 II Mirrorless Digital Camera (Body Only),5.0,3175.0
556,Sony Alpha a7 II Mirrorless Digital Camera (Body Only) STARTER BUNDLE BRAND NEW,4.78,289.99
557,Sony Alpha a7 II Mirrorless Digital Camera Body - ILCE7M2/B,4.81,799.0
558,Sony Alpha a7 II Mirrorless Digital Camera w/FE 28-70mm Lens 32GB Bundle,4.84,599.95
559,Sony Alpha a7 II Mirrorless Digital Camera w/FE 28-70mm Lens 64GB Bundle,4.71,919.99
560,Sony Alpha a7 II Mirrorless Digital Camera with FE 28-70mm f/3.5-5.6 OSS Lens,4.76,339.0
561,Sony Alpha a7 II with EXTRAS,5.0,299.99
562,Sony Alpha a7 Mirrorless Digital Camera #ILCE7/B,4.75,281.01
563,Sony Alpha a7 Mirrorless Digital Camera with Lens #ILCE7K/B,4.5,815.32
564,Sony Alpha a700 12.2MP Digital SLR Camera - Black (Body Only),4.9,120.0
565,Sony Alpha a700 12.2MP Digital SLR Camera - Black (Body Only) A+ condition.,4.83,799.0
566,Sony Alpha a700 12.2MP Digital SLR Camera - Black (Kit w/ DT 18-70mm Lens),4.43,20.0
567,Sony Alpha a700 12.2MP Digital SLR Camera - Includes Sony 55-200mm Zoom Lens,4.65,799.95
568,Sony Alpha a77 II 24.3MP Digital SLR Camera,4.91,200.0
569,Sony Alpha a77 II 24.3MP Digital SLR Camera  a77ii ILCA-77m2,4.52,136.02
570,Sony Alpha a77 II Digital SLR Camera AND Sony DT18-135mm Lens,4.73,200.0
571,Sony Alpha a7II 24.3MP Camera - Black (Body Only),4.67,39.95
572,Sony Alpha a7R 36.4MP Digital SLR Camera - Black (Body Only),4.77,88.88
573,Sony Alpha a7R 36.4MP Digital SLR Camera - Black (Body Only) ILCE7R/B,4.75,89.99
574,Sony Alpha a7R 36.4MP Digital SLR Camera - Black (Body Only) w/ accessories,4.81,250.0
575,Sony Alpha a7R 36.4MP Digital SLR Camera - Black BODY + STRAP + BODY CAP,4.93,1671.23
576,Sony Alpha a7R 36.4MP Digital SLR Camera Mint Condition,4.79,230.0
577,Sony Alpha a7R 36.4MP Mirrorless Digital Camera STARTER BUNDLE BRAND NEW,5.0,300.0
578,Sony Alpha a7R II (42.4MP) Digital Camera - Black (Body Only) + Extras,4.83,324.99
579,Sony Alpha a7R II 42.4MP Digital Camera - Black (Body Only),4.83,225.0
580,Sony Alpha a7R II 42.4MP Digital Camera - Black (Body Only) Brand New,4.81,249.0
581,Sony Alpha a7R II 42.4MP Digital Camera - Black (Body Only) WITH EXTRAS,4.94,499.99
582,Sony Alpha a7R II 42.4MP Digital Camera - Black (Body Only)Brand New US warranty,4.5,59.59
583,"Sony Alpha a7R II 42.4MP Digital Camera, Body Only, 4 Batteries, Dual Charger",4.85,586.9
584,Sony Alpha a7R II ILCE-7RM2 42.4 MP Mirrorless UHD 4K Digital Camera Body Only,4.69,39.99
585,Sony Alpha a7R II Mirrorless Digital Camera (Body Only) STARTER BUNDLE!! NEW!!,4.68,448.0
586,Sony Alpha a7R II Mirrorless Digital Camera (Body Only)!! PRO BUNDLE BRAND NEW!!,4.37,19.59
587,Sony Alpha a7R II Mirrorless Digital Camera Body - ILCE7RM2/B,3.75,199.99
588,Sony Alpha a7R II Mirrorless Digital Camera Body 42 MP UU,4.86,370.48
589,Sony Alpha a7R III Mirrorless Digital Camera (Body Only),4.87,2849.99
590,Sony Alpha a7RII Mirrorless Digital Camera (Body Only) Ship from US,4.79,64.95
591,"Sony Alpha a7RII Mirrorless Digital Camera + 2 Batteries, 32GB & More",4.79,835.0
592,Sony Alpha a7S 12.2 MP Mirrorless Digital Camera QQ,4.85,299.0
593,Sony Alpha a7S 12.2 MP Mirrorless Digital Camera UU,4.57,172.99
594,"Sony Alpha a7S 12.2MP Digital Camera (Body Only) 9x Batteries, Strap, SmallRig",4.81,199.0
595,"Sony Alpha a7S 12.2MP Digital Camera - (With Battery Grip, Viewfinder and More)",4.91,405.0
596,Sony Alpha a7S 12.2MP Digital Camera - Black (Body Only),4.82,17.99
597,Sony Alpha a7S 12.2MP Digital Camera - Black (Body Only) W/ Surprises,4.86,650.0
598,"Sony Alpha a7S 12.2MP Digital Camera - USED, WITH EXTRAS!",4.91,512.99
599,Sony Alpha a7S 12.2MP Digital Camera With Sony Dual-Battery Grip NO RESERVE,4.84,290.0
600,Sony Alpha a7S Compact Interchangeable Lens Digital Camera!! Brand New!!,5.0,734.59
601,Sony Alpha a7S Digital Camera + Battery Grip + Flash + 64GB Kit,5.0,713.08
602,Sony Alpha a7S Digital Camera + Sony 35mm Lens +  64GB Kit,4.83,489.95
603,Sony Alpha a7S Digital Camera Body + MovCam Cage,4.88,449.99
604,Sony Alpha a7S II Mirrorless Digital Camera (Body Only),4.73,197.99
605,Sony Alpha a7S II Mirrorless Digital Camera (Body Only) - 4K Low-Light King!,4.81,725.0
606,Sony Alpha a7S II a7s2 12.2MP Digital Camera - Black (Body Only),4.7,30.0
607,Sony Alpha a7S Mirrorless Digital Camera,5.0,579.95
608,Sony Alpha a7S Mirrorless Digital Camera #ILCE7S/B,4.81,399.99
609,Sony Alpha a7S Mirrorless Digital Camera (Body Only)!! PRO BUNDLE BRAND NEW!!,4.91,579.95
610,"Sony Alpha a7S Mirrorless Digital Camera + 2 Batteries, 16GB & More",4.81,1000.0
611,"Sony Alpha a7S Mirrorless Digital Camera + 2 Batteries, 32GB & More",4.84,280.0
612,Sony Alpha a7S Mirrorless Digital Camera New Other,5.0,135.0
613,Sony Alpha a7S Mirrorless Digital Camera w/16GB SDHC Card,5.0,580.0
614,Sony Alpha a7S Mirrorless Digital Camera w/32GB SDHC Card,5.0,500.0
615,Sony Alpha a7S Mirrorless Digital Camera w/64GB SDXC Card,4.93,840.0
616,"Sony Alpha a7S  Digital Camera - 2081 Shutter Actuations, 4 Batts, 2 chargers.",4.5,8.5
617,Sony Alpha a9 Mirrorless Digital Camera (Body Only)!! BRAND NEW!!,4.86,919.95
618,Sony Alpha a9 Mirrorless Digital Camera (Body Only)!! PRO BUNDLE BRAND NEW!!,5.0,2.25
619,Sony Black 12.1MP Cyber-Shot Digital Camera w 4x Optical Zoom - DSC-W220/B,4.75,2.85
620,Sony Cyber Shot 16.2MP Digital Camera DSC-WX7A (Blue),4.85,598.0
621,Sony Cyber Shot Camera 6.0 MP Digital DSC-S500 With 3x Optical Silver,4.58,69.95
622,Sony Cyber Shot DSC-HX100V 16.2MP Digital Camera - Black,4.67,600.0
623,Sony Cyber Shot DSC-W710 16.1 MP Digital Camera - 5x Zoom (Silver) Needs Charger,4.78,229.95
624,Sony Cyber shot digital camera lens style camera black QX10 DSC-QX10B F/S NEW,4.85,602.44
625,Sony Cyber-Shot (DSC-V1) Silver 5.0 MP NightShot Digital Camera w/ Power Supply,4.81,995.0
626,Sony Cyber-Shot DSC-H20 Digital Camera Black DSC-H20/B,4.71,80.0
627,Sony Cyber-Shot DSC-H300 20.1 MP Digital Camera  (Black) NIB,4.71,813.4
628,Sony Cyber-Shot DSC-H300 20.1 MP Digital Camera - BLACK - EXCELLENT USED,4.56,3198.0
629,Sony Cyber-Shot DSC-H300 20.1 MP Digital Camera - Black,4.86,849.0
630,Sony Cyber-Shot DSC-H300 20.1MP Digital Camera *GREAT SHAPE*,4.89,500.0
631,Sony Cyber-Shot DSC-H300 35x Zoom Digital Camera + Kit Black,4.6,190.0
632,Sony Cyber-Shot DSC-H300 35x Zoom Digital Camera Black,4.71,160.0
633,Sony Cyber-Shot DSC-H300 Digital Camera,4.77,249.99
634,Sony Cyber-Shot DSC-H400 Digital Camera,5.0,238.0
635,Sony Cyber-Shot DSC-H70 16.1 MP Digital Still Camera with 10x Wide-Angle Optical,4.52,250.0
636,Sony Cyber-Shot DSC-H90 16.1MP Digital Camera - Black,4.0,598.0
637,Sony Cyber-Shot DSC-HX100V 16.2 MP Exmor R CMOS Digital Still Camera with Carl Z,4.83,359.98
638,Sony Cyber-Shot DSC-HX20V Camera Black,4.84,15.0
639,Sony Cyber-Shot DSC-HX30V 18.2MP 20x Optical Zoom GPS Wi-Fi Black Digital Camera,4.91,1077.0
640,Sony Cyber-Shot DSC-HX400 Digital Camera Bundle. Value Kit with Accessories,4.68,448.0
641,Sony Cyber-Shot DSC-HX400V Camera Black,4.61,79.99
642,Sony Cyber-Shot DSC-HX400V Wi-Fi Digital Camera,4.88,65.0
643,Sony Cyber-Shot DSC-HX400V Wi-Fi Digital Camera - Used -,4.57,19.99
644,Sony Cyber-Shot DSC-HX7V 16.2 MP Exmor R CMOS Digital Still Camera with 10x Wide,4.85,599.99
645,Sony Cyber-Shot DSC-RX1 Full-Frame Digital Camera 24.3MP Black USA,4.93,2798.0
646,Sony Cyber-Shot DSC-RX10 Digital Camera Bundle. Value Kit with Accessories,4.29,277.69
647,Sony Cyber-Shot DSC-RX10 II 4K Wi-Fi Digital Camera,4.66,199.96
648,"Sony Cyber-Shot DSC-RX10 III Digital Camera, Black #DSCRX10M3/B",5.0,545.0
649,Sony Cyber-Shot DSC-RX100 Black Digital Camera {20.2 M/P},4.85,609.9
650,Sony Cyber-Shot DSC-RX100 Digital Camera,4.75,199.17
651,Sony Cyber-Shot DSC-RX100 Digital Camera #DSCRX100/B,4.83,764.99
652,Sony Cyber-Shot DSC-RX100 Digital Camera (Black) w/32GB SDHC *NEW*,4.76,369.0
653,Sony Cyber-Shot DSC-RX100 II Wi-Fi Digital Camera Black,4.0,24.99
654,Sony Cyber-Shot DSC-RX100 V 20.1MP Digital Camera w/4k Video                #070,4.91,878.0
655,Sony Cyber-Shot DSC-T110 16.1MP Digital Camera - Black,4.29,219.0
656,Sony Cyber-Shot DSC-T200 8.1 MP Digital Camera - Silver w/ EXTRAS,4.74,175.0
657,Sony Cyber-Shot DSC-T30 Digital Camera - Black,4.82,399.99
658,Sony Cyber-Shot DSC-T30 Digital Camera - Silver,4.85,620.0
659,Sony Cyber-Shot DSC-T90 Camera Pink,4.5,179.99
660,Sony Cyber-Shot DSC-TX200V 18.2MP Digital Camera Waterproof + Extras,4.53,36.0
661,Sony Cyber-Shot DSC-U30 2.0MP Digital Camera Auto Macro w/ 64Mb Memory Mini USB ,4.62,564.5
662,Sony Cyber-Shot DSC-W290 Camera Blue,4.65,99.99
663,Sony Cyber-Shot DSC-W530 Camera Blue,4.53,25.0
664,Sony Cyber-Shot DSC-W650 16.1MP Digital Camera Carl Zeiss Lens 5x Opt Zoom,4.47,19.99
665,Sony Cyber-Shot DSC-W730 Digital Camera - Silver,4.79,506.72
666,Sony Cyber-Shot DSC-W830 Digital Camera + Kit Silver NEW USA,4.7,175.0
667,Sony Cyber-Shot DSC-W830 Digital Camera Silver NEW USA,4.85,638.98
668,Sony Cyber-Shot DSC-WX1 10.2 MP 5x Optical Zoom 24mm Wide Angle F2.4 Lens Camera,4.95,879.0
669,Sony Cyber-Shot DSC-WX350 18.2 MP 3''SCREEN 20x Digital Camera - Black,4.57,166.95
670,Sony Cyber-Shot DSC-WX350 Digital Camera Black KIT,5.0,399.99
671,Sony Cyber-Shot DSC-WX350 Digital Camera Black NEW USA,4.62,22.99
672,Sony Cyber-Shot DSC-WX500 Digital Camera w/3-Inch LCD Screen in Black,4.89,400.0
673,Sony Cyber-Shot DSC-WX500 HD Wi-Fi Digital Camera Black,4.64,399.99
674,Sony Cyber-Shot DSC-WX500 HD Wi-Fi Digital Camera Black NEW USA WARRANTY,4.85,748.0
675,Sony Cyber-Shot DSC-WX9 16.2 MP Exmor R CMOS Digital Still Camera 5x Wide-Angle,4.46,299.99
676,Sony Cyber-Shot DSC-WX9 16.2MP Digital Camera - Fantastic Condition,5.0,978.76
677,Sony Cyber-Shot DSCWX220/B 18.2MP Digital Camera 2.7-Inch LCD Black 1080/60p Vid,4.85,349.5
678,Sony Cyber-Shot Digital Camera Model: DSC-M1,4.61,146.78
679,"Sony Cyber-Shot  DSC-S70 3.3 MP Digital Camera, 2 batteries SD, 2 Memory Sticks",4.85,399.99
680,Sony Cyber-shot 5MP Digital Still Camera 5x Optical Zoom - Grade A (DSC-F707),4.92,1008.44
681,Sony Cyber-shot DSC-F505 2.1MP Digital Camera - Silver,4.7,28.93
682,Sony Cyber-shot DSC-F707 4.9MP Digital Camera - Silver,4.91,560.0
683,Sony Cyber-shot DSC-F707 4.9MP Digital Camera Bundle,4.79,509.95
684,Sony Cyber-shot DSC-F717 4.9MP Digital Camera - Silver,4.65,247.0
685,Sony Cyber-shot DSC-F717 5MP Digital Camera * memory card battery cords bag +,4.63,10.3
686,Sony Cyber-shot DSC-F717 5MP Digital Camera * memory card battery cords charger+,4.81,500.5
687,Sony Cyber-shot DSC-F828 8MP Digital Camera * Flash HVL-F100 memory card flash +,4.85,2088.27
688,Sony Cyber-shot DSC-F828 8MP Digital Camera * memory flash card cords batteries+,4.93,451.33
689,Sony Cyber-shot DSC-F828 8MP Digital Camera 2 memory flash cards cords bag NICE,5.0,279.99
690,Sony Cyber-shot DSC-H1 5.0MP Digital Camera - Silver,4.84,11.3
691,Sony Cyber-shot DSC-H1 5.1MP Digital Camera - Silver,4.73,349.99
692,Sony Cyber-shot DSC-H10 8.1MP Digital Camera - Black,4.66,67.95
693,Sony Cyber-shot DSC-H2 6.0MP Digital Camera - Silver,4.93,849.95
694,Sony Cyber-shot DSC-H20 10.1 MP Digital Camera - Black Point & Shoot,4.5,349.99
695,Sony Cyber-shot DSC-H20 10.1MP Digital Camera - Black,4.85,350.0
696,Sony Cyber-shot DSC-H20 10.1MP Digital Camera - Black....USED!,4.88,190.5
697,Sony Cyber-shot DSC-H3 8.1MP Digital Camera - Black,4.45,73.0
698,"Sony Cyber-shot DSC-H3 8.1MP Digital Camera - Black, Case And All Accessories",4.83,179.0
699,Sony Cyber-shot DSC-H300 20.1 MP Digital Camera - Black,4.94,470.0
700,Sony Cyber-shot DSC-H300 20.1 MP Digital Camera - Black US,4.53,235.36
701,Sony Cyber-shot DSC-H300 20.1MP - 35X Optical Zoom - Digital Camera - Black,5.0,375.0
702,Sony Cyber-shot DSC-H300 20.1MP 35x Zoom Camera Black 32GB Extra Batteries Case,4.75,109.99
703,Sony Cyber-shot DSC-H300 20.1MP Digital Camera,4.92,420.0
704,Sony Cyber-shot DSC-H300 20.1MP Digital Camera - Black,4.91,1313.0
705,Sony Cyber-shot DSC-H300 20.1MP Digital Camera 35x Optical Zoom,4.88,349.99
706,"Sony Cyber-shot DSC-H300 Digital Camera + 32GB SD Card, Battery & Accessory Kit",5.0,311.0
707,Sony Cyber-shot DSC-H300 Digital Camera - Black,4.93,325.0
708,Sony Cyber-shot DSC-H300 Digital Camera - Black  CAMERA  -  BATTERY-SD card,4.85,748.0
709,Sony Cyber-shot DSC-H300 Digital Camera Black 16GB Kit,4.85,305.0
710,Sony Cyber-shot DSC-H300 Digital Camera Bundle -20.1MP- 35X Optical Zoom - Black,4.92,495.0
711,Sony Cyber-shot DSC-H300 Digital Point  Shoot Camera #DSC-H300/B,4.79,324.01
712,Sony Cyber-shot DSC-H5 7.2MP Digital Camera - Black,4.64,150.0
713,Sony Cyber-shot DSC-H5 7.2MP Digital Camera - Black excellent mint condition,5.0,798.0
714,Sony Cyber-shot DSC-H50 9.1 MP Digital Camera - Black,4.71,805.27
715,Sony Cyber-shot DSC-H50 9.1MP 15x Optical Zoom  Digital Camera with manual,4.81,999.0
716,"Sony Cyber-shot DSC-H50 9.1MP Digital Camera, Black, Tilting LCD Display!",4.56,31.95
717,Sony Cyber-shot DSC-H55 14.1MP Digital Camera - Black,4.61,254.59
718,Sony Cyber-shot DSC-H55 14.1MP Digital Camera - Black Point & Shoot,4.85,579.95
719,Sony Cyber-shot DSC-H55 14.1MP Digital Camera w/Battery,5.0,469.0
720,Sony Cyber-shot DSC-H7 8.1 MP Digital Camera - Black,4.17,399.99
721,Sony Cyber-shot DSC-H7 8.1MP Digital Camera - Black,4.56,49.99
722,Sony Cyber-shot DSC-H7 8.1MP Digital Camera - Black with Lens and SPARE BATTERY!,4.46,199.99
723,Sony Cyber-shot DSC-H70 16.1MP Digital Camera - Black,4.0,325.0
724,Sony Cyber-shot DSC-H70 16.1MP Digital Camera - Black  8GB SD New Battery *VGC,4.75,419.99
725,"Sony Cyber-shot DSC-H90 16.1 MP Digital Camera 16x Optical Zoom 3.0"" LCD BLACK",4.9,409.95
726,Sony Cyber-shot DSC-H90 16.1MP Digital Camera  (Black),4.62,198.52
727,Sony Cyber-shot DSC-H90 16.1MP Digital Camera - Black,4.08,199.99
728,Sony Cyber-shot DSC-HX1 9.1MP Digital Camera * 2 GB Memory Card Cords Manual +,4.0,199.99
729,Sony Cyber-shot DSC-HX1 9.1MP Digital Camera * MINT IN BOX * Bundle Memory Card,4.85,620.0
730,Sony Cyber-shot DSC-HX1 9.1MP Digital Camera - Battery - Memory Card - BC-CSGB+,4.59,18.49
731,Sony Cyber-shot DSC-HX1 9.1MP Digital Camera - Black,4.84,299.0
732,Sony Cyber-shot DSC-HX1 9.1MP Digital Camera Bundle Memory Card Cords Batteries+,4.79,119.95
733,Sony Cyber-shot DSC-HX100V 16.2MP Digital Camera - Black,4.81,399.0
734,Sony Cyber-shot DSC-HX10V 18.2 MP Digital Camera - Black,4.79,349.95
735,Sony Cyber-shot DSC-HX10V 18.2MP Digital Camera - Black *Easy to use Point Shoot,4.86,639.99
736,Sony Cyber-shot DSC-HX10V 18.2MP Digital Camera - Silver - Used Needs Repair,4.73,24.99
737,Sony Cyber-shot DSC-HX200V 18.2 MP Digital Camera - Black,4.71,699.0
738,Sony Cyber-shot DSC-HX200V 18.2MP Digital Camera - Black,4.79,167.5
739,Sony Cyber-shot DSC-HX200V 18.2MP Digital Camera - Black W/ Bag #,4.65,295.0
740,Sony Cyber-shot DSC-HX300 20.4MP Digital Camera - Black,4.85,1879.99
741,Sony Cyber-shot DSC-HX30V 18.2MP Digital Camera - Black in Original Box,4.88,40.0
742,Sony Cyber-shot DSC-HX400 Digital Camera BRAND NEW,4.94,150.0
743,Sony Cyber-shot DSC-HX400V (Black) w/FREE 32GB SDHC *NEW*,5.0,979.95
744,Sony Cyber-shot DSC-HX400V 20.4MP Digital Camera - Black,4.4,95.51
745,Sony Cyber-shot DSC-HX400V Digital Camera PRO BUNDLE BRAND NEW,5.0,199.99
746,Sony Cyber-shot DSC-HX50V 20.4MP 3''Screen 30x Digital Camera,4.85,549.0
747,Sony Cyber-shot DSC-HX50V 20.4MP 3''Screen 30x Digital Camera (NO BATTERY),5.0,400.0
748,Sony Cyber-shot DSC-HX50V 20.4MP Digital Camera,5.0,175.0
749,Sony Cyber-shot DSC-HX50V 20.4MP Digital Camera - Black,4.83,102.5
750,Sony Cyber-shot DSC-HX5V 10.2MP Digital Camera - CMOS - Black + 8GB SD Card,5.0,145.0
751,Sony Cyber-shot DSC-HX7V 16.2 MP Digital Camera - Black,5.0,274.79
752,Sony Cyber-shot DSC-HX7V 16.2MP Digital Camera - Black,4.41,65.0
753,Sony Cyber-shot DSC-HX90V 18.2MP Digital Camera - Black,4.92,545.0
754,Sony Cyber-shot DSC-HX90V Digital Camera,3.5,15.0
755,Sony Cyber-shot DSC-HX9V 16.2MP Digital Camera + Extra Battery / Memory / Case,4.5,194.3
756,Sony Cyber-shot DSC-HX9V 16.2MP Digital Camera - Black,4.79,39.99
757,Sony Cyber-shot DSC-HX9V 16.2MP Digital Camera - Black - Flash Problem,4.61,57.0
758,"Sony Cyber-shot DSC-HX9V 16.2MP Digital Camera - Black - With case, extra batter",4.53,178.0
759,Sony Cyber-shot DSC-N1 8.1MP Digital Camera - Silver Tested Fast Fre Shipping,4.56,145.0
760,Sony Cyber-shot DSC-P200 7.2MP Digital Camera - Silver Tested Fast Free Shipping,5.0,305.5
761,Sony Cyber-shot DSC-P5 3.2 MP Digital Camera - Silver,4.53,129.99
762,Sony Cyber-shot DSC-QX10 18.2MP Digital Camera - Black,4.85,175.0
763,"Sony Cyber-shot DSC-QX10 18.2MP Digital Camera - White - Brand New, Opened",5.0,30.0
764,Sony Cyber-shot DSC-QX10 18.2MP Digital Camera Black w/Box,4.59,69.0
765,Sony Cyber-shot DSC-R1 10.3 MP Digital Camera - Black,4.93,222.5
766,Sony Cyber-shot DSC-R1 10.3 MP Digital Camera - Black: Needs Repair,4.71,99.99
767,Sony Cyber-shot DSC-R1 10.3MP Camera + power cord + camera bag,5.0,300.0
768,Sony Cyber-shot DSC-R1 10.3MP Digital Camera - Black,5.0,745.0
769,Sony Cyber-shot DSC-R1 10.3MP Digital Camera - Black with bag,4.0,298.0
770,Sony Cyber-shot DSC-R1 10.3MP Digital Camera Black. With extras. FREE SHIPPING,4.93,39.99
771,Sony Cyber-shot DSC-RX1 Full Frame Compact Digital Camera (Demo #168873),4.7,299.99
772,Sony Cyber-shot DSC-RX1 Full Frame Compact Digital Camera (Demo #190975),4.15,399.99
773,"Sony Cyber-shot DSC-RX10 Digital Point  Shoot Camera, Black #DSCRX10/B",4.93,486.42
774,Sony Cyber-shot DSC-RX10 II 20.2 MP Digital Camera - Black,4.93,1400.0
775,Sony Cyber-shot DSC-RX10 II Digital Camera # DSC-RX10M2 BRAND NEW!!,4.81,514.3
776,Sony Cyber-shot DSC-RX10 III Digital Camera #DSCRX10M3/B BRAND NEW,4.85,613.6
777,Sony Cyber-shot DSC-RX10 III Digital Camera PRO BUNDLE BRAND NEW,5.0,799.0
778,Sony Cyber-shot DSC-RX100 20.2 MP Digital Camera Black & Extra Batteries,5.0,129.0
779,Sony Cyber-shot DSC-RX100 20.2MP Digital Camera - Black,4.94,260.0
780,Sony Cyber-shot DSC-RX100 20.2MP Digital Camera - Black - With lots of extras,4.61,282.31
781,Sony Cyber-shot DSC-RX100 20.2MP Digital Camera Black (tested) | C477,4.84,426.9
782,Sony Cyber-shot DSC-RX100 20.2MP Exmor CMOS Sensor Digital Camera with 3.6x Zoom,4.57,79.99
783,Sony Cyber-shot DSC-RX100 Digital Camera (Black) #DSCRX100/B BRAND NEW,4.85,589.95
784,Sony Cyber-shot DSC-RX100 II 20.2MP Digital Camera - *read description*,5.0,249.99
785,Sony Cyber-shot DSC-RX100 II 20.2MP Digital Camera - Black,4.91,234.81
786,Sony Cyber-shot DSC-RX100 II 20.2MP Digital Camera - Black (Kit w/ 28-100 mm Len,4.93,778.0
787,Sony Cyber-shot DSC-RX100 II 20.2MP Digital Camera - Black (Kit w/ 28-100 mm...,4.5,44.0
788,Sony Cyber-shot DSC-RX100 II 20.2MP Digital Camera 3.6x Optical Zoom Black,4.89,789.0
789,Sony Cyber-shot DSC-RX100 II 20.2MP Digital Camera with Extras,4.85,365.0
790,Sony Cyber-shot DSC-RX100 II 20.2MP Digital Camera!! Bundle Kit!! Brand New!!,4.75,59.99
791,Sony Cyber-shot DSC-RX100 II Digital Camera,4.85,949.0
792,Sony Cyber-shot DSC-RX100 II Digital Camera + 16GB & Case,5.0,79.71
793,Sony Cyber-shot DSC-RX100 II Digital Camera + 32GB SDHC Card,4.65,21.99
794,Sony Cyber-shot DSC-RX100 III,4.62,50.99
795,Sony Cyber-shot DSC-RX100 III Digital Camera,4.85,237.5
796,Sony Cyber-shot DSC-RX100 III Digital Camera,4.93,2203.21
797,Sony Cyber-shot DSC-RX100 III Digital Camera 64GB Package,4.61,268.0
798,Sony Cyber-shot DSC-RX100 III Digital Camera w/8GB SDHC Card,4.93,1691.5
799,Sony Cyber-shot DSC-RX100 III Digital Point  Shoot Camera #DSCRX100M3/B,4.9,600.0
800,Sony Cyber-shot DSC-RX100 III M3 Digital Camera +,4.81,299.99
801,Sony Cyber-shot DSC-RX100 IV - digital camera - Carl Zeiss,4.81,910.0
802,Sony Cyber-shot DSC-RX100 IV Digital Camera,5.0,225.0
803,Sony Cyber-shot DSC-RX100 IV Digital Camera PX,4.72,210.98
804,Sony Cyber-shot DSC-RX100 IV Digital Camera QQ,4.85,579.04
805,"Sony Cyber-shot DSC-RX100 IV Digital Camera, Black #DSCRX100M4/B",5.0,483.17
806,Sony Cyber-shot DSC-RX100 IV RX100M4 20.1MP Digital Camera - Black,4.67,360.0
807,Sony Cyber-shot DSC-RX100 Mark II 20.2MP Digital Camera BRAND NEW,5.0,59.49
808,Sony Cyber-shot DSC-RX100 Mark II 20.2MP Digital Camera STARTER BUNDLE BRAND NEW,4.93,489.91
809,Sony Cyber-shot DSC-RX100 RX100 Digital Compact Camera 20.2MP Works great,4.67,800.0
810,"Sony Cyber-shot DSC-RX100 V 20.1 MP Digital Still Camera with 3"" OLED",4.6,199.99
811,Sony Cyber-shot DSC-RX100 V Digital Camera - USA Model Mega Bundle Brand New,4.68,289.99
812,Sony Cyber-shot DSC-RX100 V Digital Camera DSCRX100M5/B,5.0,530.0
813,Sony Cyber-shot DSC-RX100 V M5 20.1MP Digital Camera 4K Video Black,4.73,149.99
814,Sony Cyber-shot DSC-RX100M3 20.1MP Digital Camera - Black---With leather case,4.71,849.0
815,Sony Cyber-shot DSC-RX100M3 III 20.0MP Still Digital Camera - Black,4.61,268.0
816,Sony Cyber-shot DSC-RX100M3/B Digital Camera RX100 III | Black,4.5,109.0
817,Sony Cyber-shot DSC-RX100M4 20.1MP Digital Camera Black EXCELLENT,4.59,199.99
818,Sony Cyber-shot DSC-RX1R 24.3MP Digital Camera - Black,4.77,162.49
819,Sony Cyber-shot DSC-RX1R 24.3MP Full Frame Digital Camera,4.68,448.0
820,Sony Cyber-shot DSC-RX1RM2 42.4MP Digital Camera - Black (Kit w/ 35mm Lens),4.95,798.0
821,Sony Cyber-shot DSC-S2100 12.1MP Digital Camera Takes 2 AA Small W/ Carry Bag,4.44,17.99
822,Sony Cyber-shot DSC-S650 7.2MP Digital Camera - Silver - ACCEPTABLE CONDITION,4.57,79.99
823,Sony Cyber-shot DSC-S70 3.1 MP Digital Camera - Silver,4.89,425.0
824,Sony Cyber-shot DSC-S85 4.0MP Digital Camera - Black,4.79,360.0
825,"Sony Cyber-shot DSC-S90 4.1MP Digital Camera - Silver w/ Case, Card & Adapter",4.91,545.0
826,Sony Cyber-shot DSC-S950 10.1MP Digital Camera - Silver,4.66,108.0
827,Sony Cyber-shot DSC-T100 8.1MP Digital Camera 2 Batteries & 1GB Card Bundle MINT,4.85,1899.98
828,Sony Cyber-shot DSC-T110 16.1MP Digital Camera - Black,4.9,1799.95
829,Sony Cyber-shot DSC-T110 Digital Camera - Violet With Accessories,3.5,199.99
830,Sony Cyber-shot DSC-T2 8.1MP Digital Camera - Pink,4.92,1353.64
831,Sony Cyber-shot DSC-T20 8.1 MP Digital Camera - Black,4.77,299.99
832,Sony Cyber-shot DSC-T3 5.1MP Digital Camera  *free shipping,4.53,225.99
833,Sony Cyber-shot DSC-T300 10.1 MP Digital Camera - Black,4.81,399.99
834,Sony Cyber-shot DSC-T300 10.1MP Digital Camera - Black+Sony LCS-THM/B Soft Black,4.77,162.49
835,Sony Cyber-shot DSC-T500 10MP Digital Camera - (Silver) White Box,5.0,958.0
836,Sony Cyber-shot DSC-T70 8.1MP Digital Camera - Silver,5.0,559.99
837,Sony Cyber-shot DSC-T70 8.1MP Digital Camera - White,4.73,25.97
838,Sony Cyber-shot DSC-T700 10.1 MP Digital Camera - Gray,4.93,498.0
839,Sony Cyber-shot DSC-T77 10.1 MP Digital Camera - Silver,4.5,120.0
840,Sony Cyber-shot DSC-T77 10.1MP Digital Camera - Silver   0OWY,5.0,195.0
841,Sony Cyber-shot DSC-T7Digital Camera - silver with box and all original contents,4.18,39.95
842,Sony Cyber-shot DSC-T90 12.1 MP 4X ZOOM Slim Body Digital Camera-Black NEW,4.76,29.99
843,Sony Cyber-shot DSC-T90 12.1 MP Digital Camera - Silver ( New ),4.73,115.0
844,Sony Cyber-shot DSC-T900 12.1MP Digital Camera- Black,4.37,199.99
845,Sony Cyber-shot DSC-T99 14.1 MP Digital Camera - Pink,4.85,879.0
846,Sony Cyber-shot DSC-TF1 Digital Camera (Black),4.63,200.0
847,Sony Cyber-shot DSC-TX100V Digital Camera - Red,4.85,650.0
848,Sony Cyber-shot DSC-TX100V Digital Camera - Silver,4.81,1099.99
849,Sony Cyber-shot DSC-TX30 18.2MP Digital Camera - Black - Used Handful of Times,4.81,998.0
850,Sony Cyber-shot DSC-TX30 Digital Camera - Black,4.45,180.0
851,Sony Cyber-shot DSC-TX5 10.2 MP Digital Camera - Black,4.81,1150.0
852,"Sony Cyber-shot DSC-TX5 10.2MP Digital Camera- Black, Includes 2 NEW BATTERIES",4.86,29.0
853,Sony Cyber-shot DSC-TX55 16.2MP Digital Camera - Black,4.85,1075.0
854,Sony Cyber-shot DSC-TX55 16.2MP Digital Camera Black - BUNDLE,4.94,399.99
855,Sony Cyber-shot DSC-TX7 10.2MP Digital Camera - Dark Blue - Lightly Used,4.64,100.0
856,Sony Cyber-shot DSC-TX7 10.2MP Digital Camera Touch Screen,4.79,649.99
857,Sony Cyber-shot DSC-TX9 12.2 MP Digital Camera,4.57,104.49
858,Sony Cyber-shot DSC-TX9 12.2 MP Digital Camera- Red-EXTRA BATTERY!,4.91,778.0
859,Sony Cyber-shot DSC-TX9 Digital Camera,4.46,495.0
860,Sony Cyber-shot DSC-V1 5.0 MP Digital Camera - Silver,5.0,150.0
861,Sony Cyber-shot DSC-V3 7.2MP Digital Camera - Black,4.85,449.99
862,Sony Cyber-shot DSC-V3 7.2MP Digital Camera - Extra Battery & Nightshot Feature,4.95,798.0
863,Sony Cyber-shot DSC-V3 7.2MP Digital Camera complete  free shipping,4.84,569.0
864,Sony Cyber-shot DSC-W120 7.2MP Digital Camera - Pink,4.79,199.0
865,Sony Cyber-shot DSC-W120 7.2MP Digital Camera - Silver,4.94,1116.66
866,Sony Cyber-shot DSC-W180 10.1MP Digital Camera - Black Tested Fast Free Shipping,4.93,1703.42
867,Sony Cyber-shot DSC-W290 12.1 MP Digital Camera with 5x Optical Zoom and Super S,4.83,399.0
868,"Sony Cyber-shot DSC-W290 12.1MP Digital Camera   Case, Charger, Battery",4.79,345.0
869,Sony Cyber-shot DSC-W290 12.1MP Digital Camera - Blue Tested Fast Free Shipping,4.93,500.0
870,Sony Cyber-shot DSC-W290 12.1MP Digital Camera - Silver used working condition,4.65,819.3
871,"Sony Cyber-shot DSC-W290 12.1MP Digital Camera - Silver w/ batteries, charger",4.68,849.99
872,Sony Cyber-shot DSC-W290 12.1MP Digital Camera Bundle - Black,4.5,330.0
873,Sony Cyber-shot DSC-W30 6.0MP Digital Camera - Silver,4.08,288.44
874,Sony Cyber-shot DSC-W300 13.6MP Digital Camera,4.93,250.0
875,Sony Cyber-shot DSC-W310 12.1MP Digital Camera - Tested and Working - Fast Ship!,4.44,194.0
876,Sony Cyber-shot DSC-W310 12.1MP Digital Camera In Good Working Condition Black,4.5,64.16
877,Sony Cyber-shot DSC-W330 14.1 MP Digital Camera - Silver - Bundle!,4.66,199.99
878,Sony Cyber-shot DSC-W330 14.1MP Digital Camera - Red,4.78,100.0
879,Sony Cyber-shot DSC-W35 7.2MP Digital Camera - Silver - 3NEA,4.93,91.99
880,Sony Cyber-shot DSC-W350 14.1MP Digital Camera - Black,4.78,29.99
881,Sony Cyber-shot DSC-W370 14.1MP Digital Camera - Black Tested See Decription,4.79,60.0
882,Sony Cyber-shot DSC-W370 14.1MP Digital Camera - Silver,4.81,799.0
883,Sony Cyber-shot DSC-W50 6.0MP Digital Camera - Silver,4.83,249.99
884,Sony Cyber-shot DSC-W50 6.0MP Digital Camera - Silver Tested Fast Free Shipping,4.52,20.0
885,Sony Cyber-shot DSC-W510 12.1MP Digital Camera Red Only Used Works No Charger,4.91,182.5
886,Sony Cyber-shot DSC-W530 14.1MP Digital Camera - Silver,4.53,94.5
887,"Sony Cyber-shot DSC-W530 14.1MP Digital Camera, Black, Nice! Works Great!",4.81,439.99
888,Sony Cyber-shot DSC-W55 7.2 MP Digital Camera - Pink,4.81,750.0
889,Sony Cyber-shot DSC-W55 7.2MP Digital Camera - Black   2BFD,4.81,900.0
890,Sony Cyber-shot DSC-W560 14.1MP Digital Camera - Red  *Point & Shoot,4.81,123.5
891,Sony Cyber-shot DSC-W610 14.1MP Digital Camera - Black,4.77,159.95
892,Sony Cyber-shot DSC-W620 14.1 MP Digital Camera - Red,4.54,199.99
893,Sony Cyber-shot DSC-W620 14.1MP Digital Camera - Silver Tested Fast Free Shippin,4.71,189.95
894,Sony Cyber-shot DSC-W650 16.1MP Digital Camera - Silver + 2 Batteries & Charger,4.84,380.0
895,Sony Cyber-shot DSC-W690 16.1 MP Digital Camera - Black,5.0,169.95
896,Sony Cyber-shot DSC-W690 16.1MP Digital Camera w/8GB Memory Card/Accessories,4.57,144.99
897,Sony Cyber-shot DSC-W800  Digital Camera - Silver,4.75,44.95
898,Sony Cyber-shot DSC-W800 20.1 MP Digital Camera (Black) + 16GB Card + More,4.7,175.0
899,Sony Cyber-shot DSC-W800 20.1MP Digital Camera - Black,4.5,98.0
900,Sony Cyber-shot DSC-W800 20.1MP Digital Camera - Black -EUC,4.81,1579.99
901,Sony Cyber-shot DSC-W800 20.1MP Digital Camera - Black with Extras!,4.91,1000.0
902,Sony Cyber-shot DSC-W800 20.1MP Digital Camera 5x Optical Zoom - Black,4.79,195.0
903,Sony Cyber-shot DSC-W800 20.1MP Digital Camera 5x Optical Zoom Black,4.76,255.0
904,Sony Cyber-shot DSC-W800 20.1MP Digital Camera 5x Optical Zoom Black With Case,4.76,242.5
905,Sony Cyber-shot DSC-W800 20.1MP Digital Camera 5x Optical Zoom Silver Brand New!,5.0,164.5
906,Sony Cyber-shot DSC-W800 20.1MP Digital Camera 5x Zoom Black + 16GB Accessories,4.57,105.95
907,Sony Cyber-shot DSC-W800 20.1MP Digital Camera 5x Zoom Silver + 64GB Accessories,4.73,25.97
908,Sony Cyber-shot DSC-W800 Digital Camera (Black) with 32GB Top Accessory Kit,4.83,205.0
909,Sony Cyber-shot DSC-W800 Digital Camera (Silver),4.88,450.0
910,Sony Cyber-shot DSC-W800 Digital Camera (Silver) + 16GB + Case + More Top Value!,4.5,182.87
911,Sony Cyber-shot DSC-W800 Digital Point  Shoot Camera #DSC-W800/B,4.93,450.0
912,Sony Cyber-shot DSC-W810 20.1MP  6X Zoom Digital Camera - Silver,4.91,1100.0
913,Sony Cyber-shot DSC-W810 20.1MP 6x Zoom Digital Camera - Silver,4.81,245.0
914,Sony Cyber-shot DSC-W810 20.1MP Digital Camera - Silver,4.75,50.0
915,Sony Cyber-shot DSC-W810 20.1MP Digital Camera - Silver *Point & Shoot camera,4.5,74.69
916,Sony Cyber-shot DSC-W810 20.1MP Digital Camera 6x Optical Zoom Black,4.85,635.0
917,"Sony Cyber-shot DSC-W810 Digital Camera - Black + 2 Batteries, 16GB & More",5.0,379.0
918,"Sony Cyber-shot DSC-W810 Digital Camera - Black + 2 Batteries, 32GB & More",5.0,249.99
919,Sony Cyber-shot DSC-W810 Digital Camera - Black 16GB Package,4.39,25.0
920,Sony Cyber-shot DSC-W810 Digital Camera - Black 32GB Package,4.85,648.0
921,Sony Cyber-shot DSC-W830 20.1 MP Digital Camera Bundle - Silver - Free Shipping,4.71,600.0
922,Sony Cyber-shot DSC-W830 20.1 Mega Pixel camera,4.52,119.99
923,Sony Cyber-shot DSC-W830 20.1MP Digital Camera - Black,4.82,100.0
924,Sony Cyber-shot DSC-W830 20.1MP Digital Camera - Silver,4.78,40.0
925,"Sony Cyber-shot DSC-W830 Digital Camera - Black + 2 Batteries, 16GB & More",4.91,1400.0
926,"Sony Cyber-shot DSC-W830 Digital Camera - Black + 2 Batteries, 32GB & More",4.79,539.99
927,"Sony Cyber-shot DSC-W830 Digital Point  Shoot Camera, Silver",4.54,29.99
928,Sony Cyber-shot DSC-W90 8.1 MP Digital Camera - Black in PRISTINE CONDITION,4.69,29.1
929,Sony Cyber-shot DSC-W90 8.1 MP Digital Camera - with cradle Charger - Blue,4.86,670.0
930,Sony Cyber-shot DSC-W90 8.1 Megapixel DIGITAL CAMERA ++,4.86,959.95
931,Sony Cyber-shot DSC-WX1 10.2 MP Digital Camera - Black,4.8,23.73
932,"Sony Cyber-shot DSC-WX1 10.2 MP Digital Camera - Black + Extra, MUST SEE NR!!",4.56,269.0
933,Sony Cyber-shot DSC-WX1/B Digital Camera - Black,5.0,4089.99
934,Sony Cyber-shot DSC-WX150 18.2MP 10x ZOOM DIGITAL CAMERA - BLACK,5.0,1000.0
935,Sony Cyber-shot DSC-WX150 18.2MP Digital Camera - Red,4.93,198.0
936,Sony Cyber-shot DSC-WX150 18.2MP Digital Camera - Silver,4.84,509.95
937,Sony Cyber-shot DSC-WX220 18.2MP Digital Camera - Black,4.95,435.0
938,Sony Cyber-shot DSC-WX220 Digital Camera (Black),4.45,99.99
939,"Sony Cyber-shot DSC-WX220 Digital Point  Shoot Camera, Black #DSC-WX220/B",4.58,323.89
940,Sony Cyber-shot DSC-WX300 Digital Camera - Black,4.79,115.0
941,Sony Cyber-shot DSC-WX300 Digital Camera - Black- In Japanese MINT CONDITION NR!,5.0,179.99
942,Sony Cyber-shot DSC-WX350 18.2MP Digital Camera - Black,4.92,520.0
943,Sony Cyber-shot DSC-WX350 18.2MP Digital Camera Black 20x Optical Zoom *excell..,5.0,707.84
944,Sony Cyber-shot DSC-WX350 Digital Camera (Black),4.91,238.88
945,Sony Cyber-shot DSC-WX350 Digital Camera (Black) + Dual Battery & Accessory Kit,4.84,219.99
946,Sony Cyber-shot DSC-WX350 Digital Camera - Black,4.79,509.99
947,Sony Cyber-shot DSC-WX350 Digital Camera - White,4.6,219.99
948,"Sony Cyber-shot DSC-WX350 Digital Point  Shoot Camera, Black #DSC-WX350/B",4.71,387.36
949,Sony Cyber-shot DSC-WX350/B Black Digital Camera 32GB Bundle,4.61,379.71
950,Sony Cyber-shot DSC-WX50 16.2 MP Digital Camera with 5x Optical Zoom and 2.7-inc,4.86,932.4
951,Sony Cyber-shot DSC-WX50 Digital Camera - 16.2 Megapixels - 5x Optical Zoom/10x,5.0,450.0
952,Sony Cyber-shot DSC-WX50 Digital Camera - Black,4.79,511.28
953,Sony Cyber-shot DSC-WX500 18.2MP Digital Camera - White - NIB,4.85,155.0
954,Sony Cyber-shot DSC-WX500 Digital Camera - Black,4.71,79.99
955,"Sony Cyber-shot DSC-WX500 Digital Point  Shoot Camera, Black #DSC-WX500/B",4.65,279.84
956,Sony Cyber-shot DSC-WX80 16.2MP Digital Camera - White,5.0,120.0
957,"Sony Cyber-shot DSC-WX80 Digital Camera - Black + 2 Batteries, 16GB & More",5.0,550.0
958,"Sony Cyber-shot DSC-WX80 Digital Camera - Black + 2 Batteries, 32GB + More!",5.0,375.0
959,Sony Cyber-shot DSC-WX9 16.2 MP Digital Camera - Black,4.53,239.99
960,Sony Cyber-shot DSC-WX9 16.2MP Digital Camera - Black,5.0,305.0
961,Sony Cyber-shot DSC-WX9 5x zoom 16.2MP Digital Camera - BLACK,4.71,80.0
962,Sony Cyber-shot DSCW800/B Digital Camera (Black) + 16GB Memory Card + Kit,4.61,299.99
963,Sony Cyber-shot DSCW800B Digital Camera (Black) + 16GB Memory Card + Kit,4.2,249.99
964,Sony Cyber-shot DSCW800B Digital Camera (Black) + 32GB Memory Card + Kit,4.85,748.0
965,"Sony Cyber-shot Dsc-wx220 18.2 Megapixel Compact Camera - Black - 2.7"" Lcd -",4.75,39.99
966,Sony Cyber-shot RX10 20.2 MP Digital Camera (24–200 mm F2.8 Lens) W/extras,4.79,69.75
967,Sony Cyber-shot RX10 20.2 MP Digital Camera (Kit W/ 24–200 mm F2.8 Lens) - Black,4.67,800.0
968,Sony Cyber-shot RX10 20.2 MP Digital Camera (W/ Kit Lens) - Black,4.84,309.0
969,Sony Cyber-shot RX10 20.2 MP Digital Camera W/ 24–200 mm F2.8 Lens (Black),4.94,255.0
970,Sony Cyber-shot RX100 20.2MP Digital Camera - Black -  Great Condition,5.0,1875.0
971,Sony Cyber-shot RX100 V 20.1MP Digital Camera - Black (Basic Kit),4.91,510.0
972,Sony Cyber-shot Scuba Housing and DSC-W80 7.2MP Digital Camera,4.53,159.95
973,Sony Cyber-shot W650 16.1MP Digital Camera - Silver - with New 2GB Mem Stick Duo,4.85,1425.0
974,Sony CyberShot DSC-W310 Digital Camera 12.1MP 4x ZOOM Silver Gray,4.68,265.95
975,Sony CyberShot HX9V Digital Camera,4.71,899.0
976,Sony Cybershot DSC-H2 6MP Digital Camera 12x Optical Image Stabilization Zoom,4.5,199.95
977,Sony Cybershot DSC-H5 7.2MP Digital Camera 12x Image Stabilized Zoom,4.85,361.0
978,Sony Cybershot DSC-HX1 9.1 Megapixel Digital Camera DSCHX1 As Is,4.81,25.0
979,Sony Cybershot DSC-HX90V Digital Camera (Black),4.61,319.0
980,Sony Cybershot DSC-P200/S 7.2MP Digital Camera 3x Optical Zoom (Silver),4.85,599.98
981,Sony Cybershot DSC-P73 DSCP73 4.1MP Digital Camera with 3x Optical Zoom,4.73,32.0
982,Sony Cybershot DSC-P92 5MP Digital Camera + (6) Memory Sticks & Carry Bag,4.62,50.0
983,Sony Cybershot DSC-R1 10.3MP Digital Camera 5x Optical Zoom - Grade A,4.91,839.99
984,Sony Cybershot DSC-R1 10.3MP Digital Camera 5x Optical Zoom - VGC,4.73,211.9
985,Sony Cybershot DSC-RX10 II  20.2mp Digital Camera DSCRX10M2B Bargain!!,4.81,811.0
986,Sony Cybershot DSC-RX10 II  20.2mp Digital Camera ,4.71,918.35
987,Sony Cybershot DSC-RX100M II Cyber-shot 20.2MP Digital Camera,5.0,500.0
988,Sony Cybershot DSC-T1 5MP Digital Camera 3x Optical Zoom (Black),4.95,749.99
989,Sony Cybershot DSC-T1 5MP Digital Camera 3x Optical Zoom (Silver),4.67,899.99
990,Sony Cybershot DSC-T20 8MP Digital Camera 3x Zoom/Super Steady Shot (Black),4.61,295.0
991,Sony Cybershot DSC-T20 8MP Digital Camera 3x Zoom/Super Steady Shot (Silver),4.81,1099.99
992,Sony Cybershot DSC-T5/B 5.1MP Digital Camera with 3x Optical Zoom (Black),4.81,359.99
993,Sony Cybershot DSC-T5/B 5.1MP Digital Camera with 3x Zoom Black (Japan Import),4.84,514.1
994,Sony Cybershot DSC-T70 8.1MP Digital Camera with 3x Optical Zoom with Super Stea,4.81,649.99
995,Sony Cybershot DSC-T9 Digital Camera - Silver,4.73,14.0
996,Sony Cybershot DSC-W180 10.1MP Digital Camera w/ 3x SteadyShot Stabilized Zoom,4.83,950.0
997,Sony Cybershot DSC-W800 20.1MP Digital Camera - Black & 32 GB memory card,4.85,1119.95
998,Sony Cybershot DSCL1 4MP Digital Camera with 3x Optical Zoom (Silver),4.76,349.0
999,Sony Cybershot DSCM1 5MP Digital Camera with 3x Optical Zoom & MPEG4 Video,4.22,650.0
1000,Sony Cybershot DSCS40 4.1 MP Digital Camera with 3x Optical Zoom (DSC-S40),5.0,772.0
1001,Sony Cybershot DSCS730 7.2MP Digital Camera with 3x Optical Zoom,5.0,500.0
1002,Sony Cybershot DSCS90 4.1 MP Digital Camera with 3x Optical Zoom DSC-S90,4.64,34.99
1003,Sony Cybershot DSCT5 5.1MP Digital Camera with 3x Optical Zoom (Silver),4.81,479.99
1004,Sony Cybershot DSCW130/P 8.1MP Digital Camera with 4x Optical Zoom - Pink,5.0,598.0
1005,Sony Cybershot DSCW5 5.1MP Digital Camera with 3x Optical Zoom (OLD MODEL),4.83,189.0
1006,Sony Cybershot DSCW830 20.1MP Digital Camera / Camera Case and 8GB Memory Card,4.53,219.99
1007,Sony Cybershot Digital Camera,4.5,359.99
1008,Sony DKC-5000 Digital Photo Camera 3CCD,4.53,250.0
1009,Sony DKC-C300X Digital Still LCD Passport Camera With Power Adapter,5.0,249.99
1010,Sony DSC-D770 Cyber-shot 1.5MP Digital Camera with 5x Optical Zoom,5.0,228.0
1011,Sony DSC-F505 2.1 MP Digital Camera with 5x Optical Zoom,4.93,1248.0
1012,Sony DSC-G3 Cyber-shot Digital Camera,4.68,448.0
1013,"Sony DSC-HX5V 10.2MP Digital Camera, AC & DC Charger, Battery, Case, 10X Zoom",4.81,42.0
1014,Sony DSC-HX60 Digital Camera,5.0,218.0
1015,Sony DSC-HX90V Digital Point  Shoot Camera #DSCHX90V/B,4.94,850.0
1016,Sony DSC-HX90V PAL Digital Camera Black Ship from US,4.75,499.95
1017,"Sony DSC-RX0 15.3 MP Digital Camera - Black USED, EXCELLENT COND. WITH BOX ",4.94,690.0
1018,Sony DSC-RX1/B Cyber-shot Full-frame Digital Camera,4.92,349.99
1019,Sony DSC-RX10 Compact Digital Telephoto Zoom Camera w/Zeiss Lens - NICE! (9516),4.61,119.99
1020,Sony DSC-RX10 Cyber-shot Digital Camera,4.83,109.9
1021,Sony DSC-RX10 Cybershot 20.2 MP Digital Still Camera + 64 GB Memory Card + Kit,5.0,24.99
1022,Sony DSC-RX10/B Cybershot 20.2 MP Digital Still Camera with 3-Inch LCD Screen,4.77,200.0
1023,Sony DSC-RX100 Cyber-shot Digital Camera (Black),4.53,159.95
1024,Sony DSC-RX100 Cyber-shot Digital Camera - Black (Demo #135406),4.74,165.0
1025,Sony DSC-RX100 Digital Camera (Black) with 32GB Accessory Bundle,4.81,430.72
1026,Sony DSC-RX100 Digital Camera - Barely Used - SD Card Included - FREE SHIP!,4.52,116.91
1027,Sony DSC-RX100 II 20.2MP Digital Camera with pouch and filters,4.92,999.95
1028,"Sony DSC-RX100 Mark I Digital Camera 1"" Inch Sensor SD Card ",4.81,311.0
1029,Sony DSC-RX100/B 20.2 MP Exmor CMOS Sensor Digital Camera with 3.6x Zoom,4.93,447.27
1030,Sony DSC-RX100M II Cyber-shot Digital Camera + Sony 32GB SD Card + Case + Acc,4.83,719.0
1031,Sony DSC-RX100M III Cyber-shot Digital Still Camera,4.83,609.99
1032,Sony DSC-RX100M4 20.1MP Digital Camera with Gariz Leather Case,5.0,383.0
1033,Sony DSC-RX100M5 Cybershot Digital Camera,4.0,348.0
1034,Sony DSC-W150 8.1MP Digital Camera - Silver,5.0,118.0
1035,Sony DSC-W350/P 14.1MP Digital Camera with 4x Wide Angle Zoom,4.93,64.7
1036,Sony DSC-W800/B Point and Shoot Digital Still Camera - Black,4.5,8.5
1037,Sony DSC-W800/B Point and Shoot Digital Still Camera - Black - OPEN BOX,4.5,68.0
1038,"Sony DSC-W830 20MP Digital Camera w/8x Zoom,Silver + Battery & Charger +32GB Kit",4.85,599.93
1039,Sony DSC-W830 Cyber-Shot Silver Digital Camera + Dual Battery & Accessory Kit,4.86,67.0
1040,Sony DSC-W830 Cyber-shot 20.1MP 2.7-Inch LCD Digital Camera - Silver,4.9,1329.0
1041,Sony DSC-W830 Cyber-shot 20.1MP Digital Camera (Silver) + 16GB Accessory Bundle,4.48,24.99
1042,Sony DSC-W830 Digital Camera (Silver),4.5,176.0
1043,Sony DSC-W830 Digital Camera - Black,4.0,16.88
1044,Sony DSC-W830 Digital Camera with 20.1 Megapixels and 8x Optical Zoom (Available,3.75,399.99
1045,Sony DSC-W830/B 20.1MP Digital Camera w/ 8x Zoom (Black) + Battery +8pc 16GB Kit,4.66,74.99
1046,Sony DSC-W830/B 20MP Digital Camera w/8x Zoom (Black) + Battery + 32GB Dlx Kit,4.8,275.0
1047,Sony DSCF505V Cybershot 2.6MP Digital Camera,4.93,1799.99
1048,Sony DSCF828 8MP Digital Camera with 7x Optical Zoom - Grade A (DSC-F828),4.83,230.0
1049,Sony DSCF828 8MP Digital Camera with 7x Optical Zoom - VGC (DSC-F828),5.0,334.9
1050,Sony DSCH300/B Digital Camera (Black) Black Base,4.9,514.99
1051,Sony DSCH300/B Digital Camera Black,5.0,798.0
1052,Sony DSCHX90V/B 18.2-megapixel Digital Camera,4.61,40.5
1053,Sony DSCHX90V/B Digital Camera with 3-Inch LCD (Black) 30x Opt Zoom 18.2MP WiFi,4.79,501.46
1054,Sony DSCP72 Cyber-shot 3.2MP Digital Camera w/ 3x Optical Zoom,4.61,268.0
1055,Sony DSCP8 Cyber-shot 3.2MP Digital Camera w/ 3x Optical Zoom DSC-P8,4.76,499.99
1056,Sony DSCP92 Cyber-shot 5MP Digital Camera w/ 3x Optical Zoom - VGC (DSC-P92),4.52,599.99
1057,Sony DSCRX10 Cybershot Digital Camera  w/ 64GB Memory Card and Accessory Bundle,4.9,399.95
1058,Sony DSCRX100 20.2 MP Exmor CMOS Sensor Digital Camera + 32GB Accessory Kit,5.0,598.0
1059,Sony DSCRX100/B  20.2-megapixel Digital Camera,4.0,199.0
1060,Sony DSCRX10M3 20.1MP Digital Camera,4.5,315.99
1061,Sony DSCU50 Cybershot 2MP Digital Camera - Silver (DSC-U50/S),5.0,799.95
1062,Sony DSCW830 20.1 MP Digital Camera with 2.7-Inch LCD (Silver),4.53,208.29
1063,Sony DSCW830 20.1 MP Digital Camera with 2.7-Inch LCD (Silver) Silver,5.0,679.99
1064,Sony DSCW830/B 20.1 MP Digital Camera with 2.7-Inch LCD (Black),4.57,69.99
1065,Sony DSCW830/B 20.1 MP Digital Camera with 2.7-Inch LCD Black,4.61,569.99
1066,Sony DSCWX220/B 18.2 MP Digital Camera with 2.7-Inch LCD (Black),4.15,59.95
1067,Sony DSCWX220/B Digital Camera (Black) with 16GB Deluxe Accessory Bundle,4.81,1049.95
1068,Sony DSCWX220/B Digital Camera (Black) with 32GB Deluxe Accessory Bundle,4.77,419.99
1069,Sony DSCWX220/B Digital Camera (Black) with 64GB Deluxe Accessory Bundle,4.93,1899.97
1070,Sony DSCWX220/N 18.2 MP Digital Camera with 2.7-Inch LCD (Gold),4.93,1690.09
1071,Sony DSCWX350 18 MP Digital Camera (Black),4.84,448.0
1072,Sony DSCWX350/B 18.2 MP Cyber-Shot Digital Camera,4.83,698.0
1073,Sony DSCWX350/B 18.2MP Point and Shoot Digital Still Camera 20X Zoom | Black,4.81,350.0
1074,Sony DSCWX500/B Digital Camera with 3-Inch LCD (Black) 30x Optical Zoom 18.2MP,4.0,221.41
1075,Sony DSLR Camera (Body Only) with 32GB Accessory Kit,4.81,414.13
1076,Sony DSLR Camera Alpha,4.9,255.0
1077,Sony DSLR-A100 10.2 MP Digital SLR Camera w/ Sony 3.5-6.3 18-200 Lens,4.77,629.3
1078,"Sony DSLR-A330 Alpha 10.2 MP Digital SLR Camera with 2 Lenses, Battery & Charger",4.44,129.99
1079,Sony DSLR-A390 14 MP Digital SLR Camera - Sony 18-55mm lens,4.95,769.99
1080,Sony Digital Camera NEX-5 E 18-55mm F3.5-5.6 OSS,4.59,0.01
1081,Sony ILCE-6000L/B Alpha a6000 Mirrorless Digital Camera w/ 16-50mm lens - Black,4.93,299.0
1082,Sony ILCE-7K/B a7K Digital Camera w/ 28-70mm + 55mm Lens + Flash + 64GB Kit,4.65,995.0
1083,Sony ILCE6000L/B Black (1650mm Kit) 24.3MP Mirrorless Digital Camera,4.84,599.0
1084,Sony ILCE7RM3/B 42.4 MP Mirrorless Digital Camera,4.83,199.99
1085,Sony MVC-CD400 CD Mavica 4MP Digital Camera w/3x Optical Zoom,4.83,399.99
1086,Sony MVC-FD200 Mavica Digital Camera - Grade A,4.85,688.06
1087,Sony MVC-FD91 Digital Camera Floppy Disc Excellent Working W/ Batt Charger Disks,4.62,388.44
1088,Sony MVC-FD91 Mavica 0.8MP Digital Camera 14x Optical Zoom MVCFD91,4.92,1431.07
1089,Sony MVCCD250 2MP CD Mavica Digital Camera with 3x Optical Zoom,5.0,149.0
1090,Sony MVCCD300 3MP Digital Camera with 3x Optical Zoom,5.0,299.99
1091,Sony MVCCD350 CD Mavica 3.2MP Digital Camera w/ 3x Optical Zoom,4.52,299.99
1092,Sony Mavica MVC-CD1000 2.1MP Digital Camera,4.33,199.99
1093,Sony Mavica MVC-CD200 2.0 MP Digital Camera Silver,4.79,119.99
1094,Sony Mavica MVC-CD350 3.2MP Digital Camera - Black Silver,4.5,16.99
1095,"Sony NEX-3N Digital Camera w/16-50mm - White + 2 Batteries, 32GB & More",4.38,40.0
1096,"Sony NEX-3N Digital Camera w/16-50mm - White + 2 Batteries, 32GB, Flash & More",4.91,200.0
1097,Sony NEX-3N Digital Camera w/16-50mm - White 16GB Package,5.0,516.6
1098,Sony NEX-3N Digital Camera w/16-50mm - White 32GB Package,4.84,275.0
1099,Sony NEX-3N Digital Camera w/16-50mm - White 64GB Package,4.85,642.98
1100,Sony NEX-3NL/B 16.1MP Alpha NEX Digital Camera w/ SELP1650  16-50mm Lens | Black,4.33,199.99
1101,Sony NEX-3NL/W Compact Interchangeable Lens Digital Camera (White) New,4.84,300.0
1102,"Sony NEX-5  Digital Camera BUNDLE (18-55mm Lens, Case)",5.0,798.0
1103,Sony NEX-5R/S 16.1 MP  Digital Camera with Sony E 55-210mm F4.5-6.3 Lens,4.79,175.0
1104,Sony NEX-5R/S 16.1 MP Interchangeable Lens Digital Camera Body Only (Silver),4.81,379.0
1105,Sony NEX-5RK 16.1MP Mirrorless Camera - Silver (Kit w/ E OSS 18-55mm Lens) ,4.89,126.0
1106,Sony NEX-5TL Mirrorless Digital Camera with 16-50mm Power Zoom Lens,4.53,149.99
1107,Sony NEX-6 Mirrorless Digital Camera BODY + Accessories,4.67,998.0
1108,Sony NEX-6L/B Mirrorless Digital Camera with 16-50mm Power Zoom Lens and 3-In...,4.9,359.99
1109,Sony NEX-7 24.3 MP Digital Camera NEW ~ Body Only,4.84,449.99
1110,Sony NEX-7 24.3 MP Mirrorless Digital Camera - Body Only (OLD MODEL),4.77,195.0
1111,Sony NEX-F3 16.1MP Digital Camera Silver Kit with 18-55mm Lens NEX-F3 SD &Case,5.0,598.0
1112,Sony RX0 Digital Camera with Wooden Camera Cage - USED,4.5,23.6
1113,Sony RX100 II Digital Camera 32GB Package,4.73,329.95
1114,Sony RX100 V 20MP Digital Point & Shoot Camera NR Mint,5.0,675.99
1115,Sony SLT-A33 14.2MP DIGITAL SLR CAMERA BODY ONLY W/ ACCESSORIES,4.81,409.99
1116,Sony SLT-A77 24.3MP 3''Screen Digital SLR Camera Body w. Accessories,4.85,1998.99
1117,Sony SLT-A99 24.3 MP Digital SLR Camera Body Only,4.84,290.0
1118,Sony SLT-A99V 24.3 MP Full frame Digital SLR Camera Body GPS +6batteries+L-plate,4.62,173.42
1119,Sony W800/B 20.1 MP Digital Camera (Black),4.93,1700.0
1120,Sony W800/B 20.1 MP Digital Camera with 5x Optical Zoom Black New Free Shipping,4.76,600.0
1121,Sony W800/S 20 MP Digital Camera with 5x Optical Zoom (Silver),4.36,199.99
1122,Sony a (Alpha) DSLR-A380L 14.2 MP Digital SLR Camera - DT 18-55mm lens - Black,4.75,384.99
1123,Sony a5000 Digital Camera with 16-50mm Lens OSS Black ILCE5000L/B,4.81,335.0
1124,Sony a5000 Mirrorless Digital Camera - Black w/16-50mm Lens 24GB Package,4.63,17.48
1125,Sony a5000 Mirrorless Digital Camera - Black w/16-50mm Lens 32GB Package,4.92,998.0
1126,Sony a6000 Alpha Mirrorless DSLR Digital Camera 24.3 MP 16-50mm Lens 32GB Bundle,4.5,199.99
1127,Sony a6000 Mirrorless Digital Camera - Black w/16-50mm Lens & 64GB SDXC Card,5.0,299.99
1128,Sony a6000 Mirrorless Digital Camera 16GB Full Kit,4.84,399.0
1129,Sony a6000 Mirrorless Digital Camera 8GB Full Kit,4.85,615.32
1130,Sony a6300 Digital Mirrorless Camera Bundle (Excellent Condition),4.71,189.99
1131,Sony a6300 Mirrorless Digital Camera Body with 64GB SD Card and Battery Bundle,5.0,199.99
1132,Sony a6300 Mirrorless Digital Camera w/ 16-50mm f/3.5-5.6 Lens & 64GB Bundle,4.73,800.0
1133,Sony a68 24.2MP Digital Camera w/ 18-55mm Lens + 64GB Deluxe Accessory Bundle,4.81,299.99
1134,Sony a68 DSLR Body #ILCA-68,5.0,212.0
1135,Sony a68 Digital SLR Camera with 18-55mm f/3.5-5.6 DT SAM II Lens #ILCA-68K,5.0,779.99
1136,Sony a7 Full-Frame Interchangeable Lens Black Digital Camera,4.71,53.0
1137,Sony a7 Full-Frame Interchangeable Lens Digital Camera + 64GB Memory & Flash Kit,4.48,199.99
1138,Sony a7R III Mirrorless Digital Camera Body + 128GB Memory & Flash Accessory Kit,4.59,699.99
1139,Sony α (alpha) DSLR-A290 14.2 MP Digital SLR Camera - Black (Kit w 2 lenses),4.08,10.0
1140,Sony α (alpha) NEX-5N 16.1 MP Digital Silver Camera Body Only Mirror-less,5.0,199.99
1141,Sony α alpha A100 10.2 MP Digital SLR Camera Kit w/ 18-35 & 75-300mm Zoom Lenses,4.93,453.6
1142,Sony A6500 Alpha ILCE-6500 24.2MP Digital SLR Camera - Black (Body Only) Used ,4.5,114.95
1143,USED Sony DSC-TX30/B 18 MP Digital Camera w/ 5x Digital Zoom and Waterproof,4.81,182.5
1144,Very Nice SONY CyberShot DSC-HX50V 20MP Digital Camera - 30x Zoom,4.53,187.99
1145,Very Nice Sony Cybershot DSC-RX100 20.2 MP Digital Camera - Black,4.56,499.0
1146,Very Nice Sony DSC-F828 8MP Digital Camera,4.71,879.99
1147,WOW! SONY Alpha NEX-5R 16.1MP Digital Camera WITH 55-210mm Zoom Lens. GREAT BUY!,4.6,200.0
1148," Sony Alpha NEX-5R 16.1MP(Silver) w/18-55mm OSS Lens, New Case_Low Shutter Count",4.63,320.0
